source_video_id,label,prob_hate,binary_logit,split,has_text,transcript_source,severity_target,frame_dir,severity_prob_0,severity_prob_1,severity_prob_2,severity_prob_3,pred_binary,pred_severity,confidence,binary_error,margin
non_hate_video_308,0,0.3151734471321106,-0.7760424613952637,test,True,asr,0,E:\m-hvc\datasets\old-dataset\frames_unique\non_hate_video_308,0.8220548629760742,0.014636840671300888,0.1433640867471695,0.019944190979003906,1,0,0.6848265528678894,1,0.005173447132110598
hate_video_392,1,0.3044586479663849,-0.8261551856994629,test,True,asr,2,E:\m-hvc\datasets\old-dataset\frames_unique\hate_video_392,0.07394248992204666,0.09203073382377625,0.7849095463752747,0.04911712929606438,0,2,0.6955413520336151,1,0.00554135203361511
hate_video_402,1,0.3016037046909332,-0.8396726846694946,test,True,asr,1,E:\m-hvc\datasets\old-dataset\frames_unique\hate_video_402,0.12655200064182281,0.40990903973579407,0.367881178855896,0.09565778076648712,0,1,0.6983962953090668,1,0.00839629530906677
hate_video_83,1,0.30154353380203247,-0.8399584293365479,test,True,asr,2,E:\m-hvc\datasets\old-dataset\frames_unique\hate_video_83,0.051933493465185165,0.01493680290877819,0.8737040162086487,0.05942566320300102,0,2,0.6984564661979675,1,0.008456466197967527
hate_video_218,1,0.301398903131485,-0.8406451344490051,test,True,asr,3,E:\m-hvc\datasets\old-dataset\frames_unique\hate_video_218,0.13268789649009705,0.052523523569107056,0.24925710260868073,0.5655314922332764,0,3,0.698601096868515,1,0.008601096868515012
hate_video_266,1,0.2915448248386383,-0.88789302110672,test,True,asr,2,E:\m-hvc\datasets\old-dataset\frames_unique\hate_video_266,0.09152645617723465,0.025475146248936653,0.7239589691162109,0.15903940796852112,0,2,0.7084551751613617,1,0.018455175161361692
non_hate_video_402,0,0.3367158770561218,-0.6779639720916748,test,True,asr,0,E:\m-hvc\datasets\old-dataset\frames_unique\non_hate_video_402,0.025389783084392548,0.009196694940328598,0.9478536248207092,0.017559923231601715,1,2,0.6632841229438782,1,0.02671587705612183
BV1Dg4y1r7vg,0,0.3398239314556122,-0.664078950881958,test,True,asr,0,E:\m-hvc\datasets\old-dataset\frames_unique\BV1Dg4y1r7vg,0.9196243286132812,0.005125484894961119,0.07079039514064789,0.004459766671061516,1,0,0.6601760685443878,1,0.029823931455612185
hate_video_351,1,0.25724783539772034,-1.0603225231170654,test,True,asr,2,E:\m-hvc\datasets\old-dataset\frames_unique\hate_video_351,0.05288337171077728,0.029485711827874184,0.8810446262359619,0.036586273461580276,0,2,0.7427521646022797,1,0.05275216460227966
non_hate_video_346,0,0.36715224385261536,-0.5444532632827759,test,True,asr,0,E:\m-hvc\datasets\old-dataset\frames_unique\non_hate_video_346,0.021336380392313004,0.007818496786057949,0.9547747373580933,0.016070451587438583,1,2,0.6328477561473846,1,0.05715224385261536
S_non_hate_videos_93,0,0.370193213224411,-0.5313879251480103,test,True,human,0,E:\m-hvc\datasets\old-dataset\frames_unique\S_non_hate_videos_93,0.9949223399162292,0.0013381472090259194,0.0028701976407319307,0.0008693219278939068,1,0,0.629806786775589,1,0.06019321322441101
video_132,1,0.24593082070350647,-1.1204338073730469,test,True,human,2,E:\m-hvc\datasets\old-dataset\frames_unique\video_132,0.3539584279060364,0.010937451384961605,0.6221562623977661,0.012947899289429188,0,2,0.7540691792964935,1,0.06406917929649353
hate_video_382,1,0.23412463068962097,-1.1851658821105957,test,True,asr,2,E:\m-hvc\datasets\old-dataset\frames_unique\hate_video_382,0.04093921557068825,0.016495054587721825,0.9170104265213013,0.025555314496159554,0,2,0.765875369310379,1,0.07587536931037903
video_164,0,0.38787850737571716,-0.4562385082244873,test,True,human,0,E:\m-hvc\datasets\old-dataset\frames_unique\video_164,0.9389357566833496,0.029352137818932533,0.023197907954454422,0.008514137007296085,1,0,0.6121214926242828,1,0.07787850737571717
non_hate_video_165,0,0.3903743624687195,-0.44573885202407837,test,True,asr,0,E:\m-hvc\datasets\old-dataset\frames_unique\non_hate_video_165,0.027956565842032433,0.009179861284792423,0.9337793588638306,0.029084179550409317,1,2,0.6096256375312805,1,0.08037436246871948
hate_video_374,1,0.22897709906101227,-1.2140960693359375,test,True,asr,2,E:\m-hvc\datasets\old-dataset\frames_unique\hate_video_374,0.04708123952150345,0.023291723802685738,0.9002624154090881,0.029364705085754395,0,2,0.7710229009389877,1,0.08102290093898773
hate_video_158,1,0.22820675373077393,-1.2184646129608154,test,True,asr,2,E:\m-hvc\datasets\old-dataset\frames_unique\hate_video_158,0.04681112989783287,0.014652108773589134,0.9050858616828918,0.033450860530138016,0,2,0.7717932462692261,1,0.08179324626922607
R_hate_video_149,1,0.22351759672164917,-1.245283842086792,test,True,human,2,E:\m-hvc\datasets\old-dataset\frames_unique\R_hate_video_149,0.9950457811355591,0.0012603633804246783,0.0028648979496210814,0.0008289860561490059,0,0,0.7764824032783508,1,0.08648240327835083
non_hate_video_131,0,0.40439730882644653,-0.3871760964393616,test,True,asr,0,E:\m-hvc\datasets\old-dataset\frames_unique\non_hate_video_131,0.03330889344215393,0.014619632624089718,0.8795468807220459,0.0725245550274849,1,2,0.5956026911735535,1,0.09439730882644654
hate_video_11,1,0.20310242474079132,-1.3670158386230469,test,True,asr,1,E:\m-hvc\datasets\old-dataset\frames_unique\hate_video_11,0.27056267857551575,0.5199815630912781,0.12354041635990143,0.08591531962156296,0,1,0.7968975752592087,1,0.10689757525920868
video_153,1,0.19966477155685425,-1.3883907794952393,test,True,human,2,E:\m-hvc\datasets\old-dataset\frames_unique\video_153,0.8885424137115479,0.014064372517168522,0.06850536912679672,0.028887871652841568,0,0,0.8003352284431458,1,0.11033522844314575
video_122,1,0.19224703311920166,-1.4354751110076904,test,True,human,2,E:\m-hvc\datasets\old-dataset\frames_unique\video_122,0.06816776096820831,0.012315808795392513,0.9019972681999207,0.017519112676382065,0,2,0.8077529668807983,1,0.11775296688079834
non_hate_video_300,0,0.43852895498275757,-0.2471344918012619,test,True,asr,0,E:\m-hvc\datasets\old-dataset\frames_unique\non_hate_video_300,0.09230891615152359,0.1242942214012146,0.14574770629405975,0.6376491189002991,1,3,0.5614710450172424,1,0.12852895498275757
R_hate_video_085,1,0.17887139320373535,-1.5240126848220825,test,True,asr,3,E:\m-hvc\datasets\old-dataset\frames_unique\R_hate_video_085,0.372814416885376,0.04911067336797714,0.2811136245727539,0.29696124792099,0,0,0.8211286067962646,1,0.13112860679626465
non_hate_video_72,0,0.45494499802589417,-0.18071016669273376,test,True,asr,0,E:\m-hvc\datasets\old-dataset\frames_unique\non_hate_video_72,0.07973207533359528,0.05504286661744118,0.28395381569862366,0.581271231174469,1,3,0.5450550019741058,1,0.14494499802589417
non_hate_video_428,0,0.4553162455558777,-0.179213285446167,test,True,asr,0,E:\m-hvc\datasets\old-dataset\frames_unique\non_hate_video_428,0.01919564977288246,0.007422500289976597,0.9628234505653381,0.010558403097093105,1,2,0.5446837544441223,1,0.1453162455558777
BV18u411p74B,1,0.16322515904903412,-1.6344243288040161,test,True,asr,2,E:\m-hvc\datasets\old-dataset\frames_unique\BV18u411p74B,0.9636808037757874,0.00249292585067451,0.03152310475707054,0.0023032226599752903,0,0,0.8367748409509659,1,0.14677484095096588
BV1414y1G7xq,0,0.4620402753353119,-0.15213166177272797,test,False,missing,0,E:\m-hvc\datasets\old-dataset\frames_unique\BV1414y1G7xq,0.6860427856445312,0.04774159938097,0.22710761427879333,0.039107996970415115,1,0,0.5379597246646881,1,0.1520402753353119
BV1oT4y1b7fT,1,0.1516966074705124,-1.7213557958602905,test,True,asr,2,E:\m-hvc\datasets\old-dataset\frames_unique\BV1oT4y1b7fT,0.45770299434661865,0.013724219053983688,0.5070995688438416,0.021473266184329987,0,2,0.8483033925294876,1,0.1583033925294876
non_hate_video_599,0,0.4734506905078888,-0.10629715025424957,test,True,asr,0,E:\m-hvc\datasets\old-dataset\frames_unique\non_hate_video_599,0.014197617769241333,0.00761202909052372,0.9656538367271423,0.01253650151193142,1,2,0.5265493094921112,1,0.1634506905078888
BV1gC4y1R7KF,1,0.13373839855194092,-1.868301272392273,test,False,missing,2,E:\m-hvc\datasets\old-dataset\frames_unique\BV1gC4y1R7KF,0.7566055655479431,0.043187499046325684,0.15362849831581116,0.046578388661146164,0,0,0.8662616014480591,1,0.17626160144805908
hate_video_16,1,0.1308671236038208,-1.8933135271072388,test,True,asr,2,E:\m-hvc\datasets\old-dataset\frames_unique\hate_video_16,0.09816786646842957,0.014694081619381905,0.8694871068000793,0.0176509041339159,0,2,0.8691328763961792,1,0.1791328763961792
hate_video_414,1,0.12129268795251846,-1.9802453517913818,test,True,asr,2,E:\m-hvc\datasets\old-dataset\frames_unique\hate_video_414,0.9952905178070068,0.0010590084129944444,0.002921235514804721,0.0007292201044037938,0,0,0.8787073120474815,1,0.18870731204748153
non_hate_video_200,0,0.49991512298583984,-0.0003395937383174896,test,True,asr,0,E:\m-hvc\datasets\old-dataset\frames_unique\non_hate_video_200,0.07190288603305817,0.050029292702674866,0.1441892832517624,0.7338786125183105,1,3,0.5000848770141602,1,0.18991512298583985
BV1jT4y1j7P6,1,0.11519116908311844,-2.03877854347229,test,False,missing,2,E:\m-hvc\datasets\old-dataset\frames_unique\BV1jT4y1j7P6,0.7737916111946106,0.0432552769780159,0.1439262479543686,0.0390268974006176,0,0,0.8848088309168816,1,0.19480883091688156
video_130,1,0.1069096103310585,-2.122704029083252,test,False,missing,2,E:\m-hvc\datasets\old-dataset\frames_unique\video_130,0.8797649145126343,0.01853729784488678,0.08297543227672577,0.018722346052527428,0,0,0.8930903896689415,1,0.2030903896689415
BV1es4y167Q5,1,0.10381386429071426,-2.155548572540283,test,True,asr,2,E:\m-hvc\datasets\old-dataset\frames_unique\BV1es4y167Q5,0.5358825325965881,0.013247190974652767,0.4348161518573761,0.016054067760705948,0,0,0.8961861357092857,1,0.20618613570928573
BV1wE411f7y8,1,0.09239053726196289,-2.284789562225342,test,False,missing,2,E:\m-hvc\datasets\old-dataset\frames_unique\BV1wE411f7y8,0.7431706786155701,0.045725949108600616,0.16898854076862335,0.04211483895778656,0,0,0.9076094627380371,1,0.2176094627380371
non_hate_video_246,0,0.5291936993598938,0.11690767109394073,test,True,asr,0,E:\m-hvc\datasets\old-dataset\frames_unique\non_hate_video_246,0.07806341350078583,0.07428091764450073,0.12175986915826797,0.725895881652832,1,3,0.5291936993598938,1,0.2191936993598938
BV1vQ4y1J7ZL,1,0.07850280404090881,-2.4628653526306152,test,False,missing,2,E:\m-hvc\datasets\old-dataset\frames_unique\BV1vQ4y1J7ZL,0.7683773040771484,0.04199947416782379,0.14185762405395508,0.04776555672287941,0,0,0.9214971959590912,1,0.23149719595909118
video_127,1,0.07632675766944885,-2.4933347702026367,test,True,human,1,E:\m-hvc\datasets\old-dataset\frames_unique\video_127,0.6028727889060974,0.108711376786232,0.2284255027770996,0.059990327805280685,0,0,0.9236732423305511,1,0.23367324233055115
non_hate_video_223,0,0.5522515177726746,0.20977209508419037,test,True,asr,0,E:\m-hvc\datasets\old-dataset\frames_unique\non_hate_video_223,0.1509135514497757,0.4895690381526947,0.2177773267030716,0.141740083694458,1,1,0.5522515177726746,1,0.24225151777267456
R_hate_video_250,1,0.05541636422276497,-2.835869312286377,test,False,missing,2,E:\m-hvc\datasets\old-dataset\frames_unique\R_hate_video_250,0.8552111387252808,0.02319260686635971,0.09563340991735458,0.025962872430682182,0,0,0.944583635777235,1,0.25458363577723503
R_hate_video_232,1,0.054221078753471375,-2.8589391708374023,test,True,human,2,E:\m-hvc\datasets\old-dataset\frames_unique\R_hate_video_232,0.9964136481285095,0.0007380960742011666,0.002433739835396409,0.0004145066486671567,0,0,0.9457789212465286,1,0.2557789212465286
non_hate_video_488,0,0.5706082582473755,0.28433340787887573,test,True,asr,0,E:\m-hvc\datasets\old-dataset\frames_unique\non_hate_video_488,0.9868086576461792,0.0039638797752559185,0.006836512126028538,0.0023909553419798613,1,0,0.5706082582473755,1,0.2606082582473755
non_hate_video_239,0,0.5806882977485657,0.3255994915962219,test,True,asr,0,E:\m-hvc\datasets\old-dataset\frames_unique\non_hate_video_239,0.014864398166537285,0.009201048873364925,0.9651007056236267,0.01083382684737444,1,2,0.5806882977485657,1,0.2706882977485657
R_hate_video_217,1,0.03661089017987251,-3.270111560821533,test,True,human,2,E:\m-hvc\datasets\old-dataset\frames_unique\R_hate_video_217,0.6275672912597656,0.013893761672079563,0.3408709764480591,0.017668014392256737,0,0,0.9633891098201275,1,0.2733891098201275
R_hate_video_228,1,0.03535693883895874,-3.3062634468078613,test,True,human,2,E:\m-hvc\datasets\old-dataset\frames_unique\R_hate_video_228,0.7983478307723999,0.03630722314119339,0.14412343502044678,0.021221518516540527,0,0,0.9646430611610413,1,0.27464306116104126
R_hate_video_021,1,0.031475480645895004,-3.426564931869507,test,True,asr,2,E:\m-hvc\datasets\old-dataset\frames_unique\R_hate_video_021,0.9779713749885559,0.0027207715902477503,0.017474105581641197,0.0018337880028411746,0,0,0.968524519354105,1,0.278524519354105
BV1wj411h7ZN,1,0.026494944468140602,-3.6039490699768066,test,True,asr,2,E:\m-hvc\datasets\old-dataset\frames_unique\BV1wj411h7ZN,0.9828900694847107,0.0017162574222311378,0.013793612830340862,0.0016001473413780332,0,0,0.9735050555318594,1,0.2835050555318594
hate_video_153,1,0.016270896419882774,-4.101972579956055,test,True,asr,2,E:\m-hvc\datasets\old-dataset\frames_unique\hate_video_153,0.9953808784484863,0.0008724939543753862,0.0030434972140938044,0.0007031650748103857,0,0,0.9837291035801172,1,0.2937291035801172
non_hate_video_485,0,0.6130451560020447,0.4601306617259979,test,True,asr,0,E:\m-hvc\datasets\old-dataset\frames_unique\non_hate_video_485,0.028968919068574905,0.024185452610254288,0.7256816029548645,0.22116398811340332,1,2,0.6130451560020447,1,0.3030451560020447
non_hate_video_514,0,0.6346147656440735,0.5520659685134888,test,True,asr,0,E:\m-hvc\datasets\old-dataset\frames_unique\non_hate_video_514,0.39901965856552124,0.01679929718375206,0.5639521479606628,0.020228898152709007,1,2,0.6346147656440735,1,0.3246147656440735
video_165,0,0.6773295998573303,0.7415266633033752,test,True,human,0,E:\m-hvc\datasets\old-dataset\frames_unique\video_165,0.9802645444869995,0.005073565524071455,0.011076366528868675,0.003585530212149024,1,0,0.6773295998573303,1,0.3673295998573303
R_non_hate_video_041,0,0.7397750616073608,1.0447998046875,test,True,asr,0,E:\m-hvc\datasets\old-dataset\frames_unique\R_non_hate_video_041,0.9845784306526184,0.003961045295000076,0.008500329218804836,0.0029602465219795704,1,0,0.7397750616073608,1,0.42977506160736084
non_hate_video_10,0,0.745006263256073,1.0721535682678223,test,True,asr,0,E:\m-hvc\datasets\old-dataset\frames_unique\non_hate_video_10,0.011871947906911373,0.008503908291459084,0.9675750732421875,0.012049075216054916,1,2,0.745006263256073,1,0.435006263256073
non_hate_video_554,0,0.7682985663414001,1.1987285614013672,test,True,asr,0,E:\m-hvc\datasets\old-dataset\frames_unique\non_hate_video_554,0.06557031720876694,0.7225835919380188,0.11668290197849274,0.09516319632530212,1,1,0.7682985663414001,1,0.45829856634140015
S_non_hate_videos_72,0,0.7742800116539001,1.2326384782791138,test,True,human,0,E:\m-hvc\datasets\old-dataset\frames_unique\S_non_hate_videos_72,0.06483489274978638,0.05209657549858093,0.10722476243972778,0.7758437395095825,1,3,0.7742800116539001,1,0.46428001165390015
R_non_hate_video_231,0,0.7811564803123474,1.27241849899292,test,True,human,0,E:\m-hvc\datasets\old-dataset\frames_unique\R_non_hate_video_231,0.986930251121521,0.0038028687704354525,0.006839183624833822,0.0024277609772980213,1,0,0.7811564803123474,1,0.4711564803123474
non_hate_video_282,0,0.786371648311615,1.303191900253296,test,True,asr,0,E:\m-hvc\datasets\old-dataset\frames_unique\non_hate_video_282,0.903394341468811,0.035910464823246,0.04589435085654259,0.014800893142819405,1,0,0.786371648311615,1,0.476371648311615
non_hate_video_483,0,0.7961897850036621,1.362648367881775,test,True,asr,0,E:\m-hvc\datasets\old-dataset\frames_unique\non_hate_video_483,0.9725981950759888,0.008037406019866467,0.014383228495717049,0.004981091246008873,1,0,0.7961897850036621,1,0.4861897850036621
BV1CN4y1f7gx,0,0.7970336079597473,1.3678562641143799,test,True,asr,0,E:\m-hvc\datasets\old-dataset\frames_unique\BV1CN4y1f7gx,0.1961231529712677,0.0230158269405365,0.7328619956970215,0.04799901321530342,1,2,0.7970336079597473,1,0.4870336079597473
non_hate_video_633,0,0.811104953289032,1.457205891609192,test,True,asr,0,E:\m-hvc\datasets\old-dataset\frames_unique\non_hate_video_633,0.9780828952789307,0.00454358896240592,0.013314059004187584,0.004059494007378817,1,0,0.811104953289032,1,0.5011049532890319
non_hate_video_528,0,0.814078688621521,1.4767335653305054,test,True,asr,0,E:\m-hvc\datasets\old-dataset\frames_unique\non_hate_video_528,0.03253171592950821,0.03406483680009842,0.8826245069503784,0.050778958946466446,1,2,0.814078688621521,1,0.5040786886215209
BV193411W7MX,0,0.8191264867782593,1.510440468788147,test,True,asr,0,E:\m-hvc\datasets\old-dataset\frames_unique\BV193411W7MX,0.8209663033485413,0.027040231972932816,0.13765938580036163,0.014334122650325298,1,0,0.8191264867782593,1,0.5091264867782592
BV1te411D7zR,0,0.8374552130699158,1.6394143104553223,test,True,asr,0,E:\m-hvc\datasets\old-dataset\frames_unique\BV1te411D7zR,0.9652373790740967,0.008054210804402828,0.02057761326432228,0.006130807101726532,1,0,0.8374552130699158,1,0.5274552130699157
non_hate_video_459,0,0.8573500514030457,1.7934529781341553,test,True,asr,0,E:\m-hvc\datasets\old-dataset\frames_unique\non_hate_video_459,0.9431871175765991,0.015402746386826038,0.028728481382131577,0.012681697495281696,1,0,0.8573500514030457,1,0.5473500514030456
S_non_hate_videos_57,0,0.8625829815864563,1.8369107246398926,test,True,human,0,E:\m-hvc\datasets\old-dataset\frames_unique\S_non_hate_videos_57,0.954047441482544,0.013911715708673,0.02183503471314907,0.010205797851085663,1,0,0.8625829815864563,1,0.5525829815864562
non_hate_video_108,0,0.8681156635284424,1.8843998908996582,test,True,asr,0,E:\m-hvc\datasets\old-dataset\frames_unique\non_hate_video_108,0.07256445288658142,0.6770617365837097,0.12299829721450806,0.12737546861171722,1,1,0.8681156635284424,1,0.5581156635284423
non_hate_video_269,0,0.9044151902198792,2.24727463722229,test,True,asr,0,E:\m-hvc\datasets\old-dataset\frames_unique\non_hate_video_269,0.019538773223757744,0.047358836978673935,0.48192521929740906,0.45117709040641785,1,2,0.9044151902198792,1,0.5944151902198791
S_non_hate_videos_59,0,0.9251201152801514,2.5140380859375,test,True,human,0,E:\m-hvc\datasets\old-dataset\frames_unique\S_non_hate_videos_59,0.9117653965950012,0.026066310703754425,0.04208486154675484,0.020083455368876457,1,0,0.9251201152801514,1,0.6151201152801513
BV1Sk4y1U7qt,0,0.9260450601577759,2.5274665355682373,test,True,asr,0,E:\m-hvc\datasets\old-dataset\frames_unique\BV1Sk4y1U7qt,0.5911658406257629,0.02421385422348976,0.3367125689983368,0.04790772125124931,1,0,0.9260450601577759,1,0.6160450601577758
non_hate_video_204,0,0.9281232357025146,2.558211088180542,test,False,missing,0,E:\m-hvc\datasets\old-dataset\frames_unique\non_hate_video_204,0.3118511140346527,0.12074717879295349,0.3887847065925598,0.17861703038215637,1,2,0.9281232357025146,1,0.6181232357025146
video_171,0,0.939127504825592,2.7361702919006348,test,True,human,0,E:\m-hvc\datasets\old-dataset\frames_unique\video_171,0.6642454266548157,0.0934041365981102,0.1330985277891159,0.10925190150737762,1,0,0.939127504825592,1,0.629127504825592
R_non_hate_video_099,0,0.9404534697532654,2.7596044540405273,test,True,human,0,E:\m-hvc\datasets\old-dataset\frames_unique\R_non_hate_video_099,0.7309711575508118,0.03248613327741623,0.20324644446372986,0.03329627588391304,1,0,0.9404534697532654,1,0.6304534697532653
non_hate_video_539,0,0.9427822828292847,2.801971435546875,test,False,missing,0,E:\m-hvc\datasets\old-dataset\frames_unique\non_hate_video_539,0.3189241588115692,0.10090474039316177,0.43522921204566956,0.14494195580482483,1,2,0.9427822828292847,1,0.6327822828292846
non_hate_video_297,0,0.9700396656990051,3.477461099624634,test,False,missing,0,E:\m-hvc\datasets\old-dataset\frames_unique\non_hate_video_297,0.31835103034973145,0.11806514859199524,0.359416663646698,0.2041672021150589,1,2,0.9700396656990051,1,0.6600396656990051
video_52,1,0.31180891394615173,-0.7916760444641113,test,True,human,1,E:\m-hvc\datasets\old-dataset\frames_unique\video_52,0.6311284899711609,0.14526280760765076,0.16065344214439392,0.06295530498027802,1,0,0.6881910860538483,0,0.0018089139461517356
hate_video_27,1,0.3120386302471161,-0.7906057238578796,test,True,asr,1,E:\m-hvc\datasets\old-dataset\frames_unique\hate_video_27,0.15602882206439972,0.5904588103294373,0.17469514906406403,0.07881718128919601,1,1,0.6879613697528839,0,0.002038630247116091
non_hate_video_309,0,0.30597731471061707,-0.8189937472343445,test,True,asr,0,E:\m-hvc\datasets\old-dataset\frames_unique\non_hate_video_309,0.13590368628501892,0.048360295593738556,0.27642500400543213,0.5393109917640686,0,3,0.6940226852893829,0,0.004022685289382932
hate_video_375,1,0.3153078258037567,-0.7754200100898743,test,True,asr,2,E:\m-hvc\datasets\old-dataset\frames_unique\hate_video_375,0.04374312609434128,0.021825367584824562,0.8945469856262207,0.03988451510667801,1,2,0.6846921741962433,0,0.005307825803756716
non_hate_video_136,0,0.2966783940792084,-0.8631656169891357,test,True,asr,0,E:\m-hvc\datasets\old-dataset\frames_unique\non_hate_video_136,0.19677790999412537,0.5911126136779785,0.11325076222419739,0.09885867685079575,0,1,0.7033216059207916,0,0.013321605920791624
video_641,0,0.29308223724365234,-0.8804610967636108,test,True,human,0,E:\m-hvc\datasets\old-dataset\frames_unique\video_641,0.9956821203231812,0.0013487407704815269,0.0021184792276471853,0.0008506864542141557,0,0,0.7069177627563477,0,0.016917762756347654
non_hate_video_19,0,0.2905672788619995,-0.8926305770874023,test,True,asr,0,E:\m-hvc\datasets\old-dataset\frames_unique\non_hate_video_19,0.03491569682955742,0.01406206376850605,0.9336562156677246,0.017365965992212296,0,2,0.7094327211380005,0,0.019432721138000486
hate_video_94,1,0.33003395795822144,-0.7080314755439758,test,True,asr,1,E:\m-hvc\datasets\old-dataset\frames_unique\hate_video_94,0.07292749732732773,0.16339358687400818,0.7148174047470093,0.04886157438158989,1,2,0.6699660420417786,0,0.020033957958221438
hate_video_82,1,0.33561384677886963,-0.6829023361206055,test,True,asr,2,E:\m-hvc\datasets\old-dataset\frames_unique\hate_video_82,0.024797456339001656,0.009399790316820145,0.9489356279373169,0.016867127269506454,1,2,0.6643861532211304,0,0.02561384677886963
BV1nf4y1q7NV,0,0.27968350052833557,-0.9460319876670837,test,False,missing,0,E:\m-hvc\datasets\old-dataset\frames_unique\BV1nf4y1q7NV,0.6607145667076111,0.060804206877946854,0.20332832634449005,0.07515296339988708,0,0,0.7203164994716644,0,0.030316499471664426
non_hate_video_201,0,0.26123952865600586,-1.0395359992980957,test,True,asr,0,E:\m-hvc\datasets\old-dataset\frames_unique\non_hate_video_201,0.05445084348320961,0.01770390197634697,0.8811053037643433,0.046739932149648666,0,2,0.7387604713439941,0,0.04876047134399414
non_hate_video_202,0,0.2584682106971741,-1.0539453029632568,test,True,asr,0,E:\m-hvc\datasets\old-dataset\frames_unique\non_hate_video_202,0.04144823178648949,0.011862849816679955,0.9194891452789307,0.027199773117899895,0,2,0.7415317893028259,0,0.051531789302825926
hate_video_47,1,0.3738878071308136,-0.5155738592147827,test,True,asr,2,E:\m-hvc\datasets\old-dataset\frames_unique\hate_video_47,0.9950951337814331,0.0012046622578054667,0.0030078066047281027,0.000692344328854233,1,0,0.6261121928691864,0,0.0638878071308136
hate_video_208,1,0.3747904896736145,-0.5117196440696716,test,True,asr,3,E:\m-hvc\datasets\old-dataset\frames_unique\hate_video_208,0.08998020738363266,0.04887259006500244,0.2624094784259796,0.5987377166748047,1,3,0.6252095103263855,0,0.0647904896736145
video_34,1,0.3817897439002991,-0.4819585978984833,test,True,asr,2,E:\m-hvc\datasets\old-dataset\frames_unique\video_34,0.9942398071289062,0.001281843869946897,0.0034127470571547747,0.0010656630620360374,1,0,0.6182102560997009,0,0.07178974390029907
BV1xE411Y7Dv,1,0.38203999400138855,-0.4808984398841858,test,True,asr,2,E:\m-hvc\datasets\old-dataset\frames_unique\BV1xE411Y7Dv,0.02202741801738739,0.007940931245684624,0.9559244513511658,0.014107244089245796,1,2,0.6179600059986115,0,0.07203999400138855
non_hate_video_20,0,0.23383048176765442,-1.1868070363998413,test,True,asr,0,E:\m-hvc\datasets\old-dataset\frames_unique\non_hate_video_20,0.0711996853351593,0.017174502834677696,0.8507591485977173,0.06086663156747818,0,2,0.7661695182323456,0,0.07616951823234558
non_hate_video_509,0,0.22783367335796356,-1.2205840349197388,test,True,asr,0,E:\m-hvc\datasets\old-dataset\frames_unique\non_hate_video_509,0.055518630892038345,0.029965942725539207,0.8765854239463806,0.03793003037571907,0,2,0.7721663266420364,0,0.08216632664203644
R_non_hate_video_022,0,0.22094149887561798,-1.260188102722168,test,True,human,0,E:\m-hvc\datasets\old-dataset\frames_unique\R_non_hate_video_022,0.23962056636810303,0.06258081644773483,0.17529644072055817,0.5225021839141846,0,3,0.779058501124382,0,0.08905850112438202
hate_video_174,1,0.40904101729393005,-0.3679311275482178,test,True,asr,2,E:\m-hvc\datasets\old-dataset\frames_unique\hate_video_174,0.9803375005722046,0.006457278970628977,0.009447835385799408,0.0037573848385363817,1,0,0.59095898270607,0,0.09904101729393006
non_hate_video_43,0,0.20622257888317108,-1.3478469848632812,test,True,asr,0,E:\m-hvc\datasets\old-dataset\frames_unique\non_hate_video_43,0.08361523598432541,0.05207845941185951,0.8155419826507568,0.04876433312892914,0,2,0.7937774211168289,0,0.10377742111682892
BV1am4y1s7RM,1,0.41733065247535706,-0.333741158246994,test,False,missing,2,E:\m-hvc\datasets\old-dataset\frames_unique\BV1am4y1s7RM,0.6640695929527283,0.048868920654058456,0.2396460622549057,0.04741543531417847,1,0,0.5826693475246429,0,0.10733065247535706
hate_video_304,1,0.4173460602760315,-0.3336776793003082,test,True,asr,2,E:\m-hvc\datasets\old-dataset\frames_unique\hate_video_304,0.02143239974975586,0.007656497415155172,0.9554002285003662,0.01551084779202938,1,2,0.5826539397239685,0,0.1073460602760315
R_hate_video_164,1,0.41983604431152344,-0.32344651222229004,test,False,missing,2,E:\m-hvc\datasets\old-dataset\frames_unique\R_hate_video_164,0.6882854700088501,0.05752650648355484,0.20064611732959747,0.05354192852973938,1,0,0.5801639556884766,0,0.10983604431152344
non_hate_video_228,0,0.19420553743839264,-1.4229116439819336,test,True,asr,0,E:\m-hvc\datasets\old-dataset\frames_unique\non_hate_video_228,0.09244983643293381,0.05343491584062576,0.7891777753829956,0.0649375393986702,0,2,0.8057944625616074,0,0.11579446256160736
non_hate_video_177,0,0.1936655193567276,-1.4263660907745361,test,True,asr,0,E:\m-hvc\datasets\old-dataset\frames_unique\non_hate_video_177,0.055399589240550995,0.0171582642942667,0.9050000905990601,0.02244199812412262,0,2,0.8063344806432724,0,0.1163344806432724
hate_video_389,1,0.4287506639957428,-0.2869502305984497,test,True,asr,2,E:\m-hvc\datasets\old-dataset\frames_unique\hate_video_389,0.02675996907055378,0.009617595002055168,0.9282916784286499,0.03533081337809563,1,2,0.5712493360042572,0,0.1187506639957428
non_hate_video_279,0,0.18721190094947815,-1.4682292938232422,test,True,asr,0,E:\m-hvc\datasets\old-dataset\frames_unique\non_hate_video_279,0.2148999571800232,0.43154382705688477,0.26015761494636536,0.09339859336614609,0,1,0.8127880990505219,0,0.12278809905052185
BV1h64y1p7AY,0,0.1856013834476471,-1.4788486957550049,test,True,asr,0,E:\m-hvc\datasets\old-dataset\frames_unique\BV1h64y1p7AY,0.8614891767501831,0.004528421442955732,0.12776221334934235,0.006220255512744188,0,0,0.8143986165523529,0,0.1243986165523529
R_non_hate_video_217,0,0.1820216178894043,-1.5027104616165161,test,True,asr,0,E:\m-hvc\datasets\old-dataset\frames_unique\R_non_hate_video_217,0.19677969813346863,0.046041090041399,0.505940318107605,0.2512389123439789,0,2,0.8179783821105957,0,0.1279783821105957
non_hate_video_295,0,0.1801697015762329,-1.5151982307434082,test,True,asr,0,E:\m-hvc\datasets\old-dataset\frames_unique\non_hate_video_295,0.07899287343025208,0.019120847806334496,0.8555014133453369,0.0463847890496254,0,2,0.8198302984237671,0,0.1298302984237671
BV1ZV4y1a7uV,0,0.17764456570148468,-1.5323879718780518,test,True,asr,0,E:\m-hvc\datasets\old-dataset\frames_unique\BV1ZV4y1a7uV,0.4505385458469391,0.010318021290004253,0.5259210467338562,0.013222371228039265,0,2,0.8223554342985153,0,0.13235543429851532
non_hate_video_581,0,0.17360562086105347,-1.5602859258651733,test,True,asr,0,E:\m-hvc\datasets\old-dataset\frames_unique\non_hate_video_581,0.06114499643445015,0.013030733913183212,0.9066030979156494,0.019221173599362373,0,2,0.8263943791389465,0,0.13639437913894653
R_non_hate_video_379,0,0.16836132109165192,-1.5972857475280762,test,True,human,0,E:\m-hvc\datasets\old-dataset\frames_unique\R_non_hate_video_379,0.06832541525363922,0.01079507078975439,0.9018183350563049,0.01906110718846321,0,2,0.8316386789083481,0,0.14163867890834808
BV1FG411j7YT,0,0.1683516651391983,-1.5973546504974365,test,False,missing,0,E:\m-hvc\datasets\old-dataset\frames_unique\BV1FG411j7YT,0.7912904620170593,0.03212137147784233,0.14634956419467926,0.03023858554661274,0,0,0.8316483348608017,0,0.1416483348608017
R_non_hate_video_201,0,0.16663627326488495,-1.609656810760498,test,True,asr,0,E:\m-hvc\datasets\old-dataset\frames_unique\R_non_hate_video_201,0.09926499426364899,0.03548138588666916,0.8086955547332764,0.05655801668763161,0,2,0.833363726735115,0,0.14336372673511505
BV13V411Q7zg,0,0.16042205691337585,-1.6550910472869873,test,True,asr,0,E:\m-hvc\datasets\old-dataset\frames_unique\BV13V411Q7zg,0.9938011765480042,0.0009564166539348662,0.0045846919529139996,0.0006577258463948965,0,0,0.8395779430866241,0,0.14957794308662414
non_hate_video_557,0,0.15786710381507874,-1.6741843223571777,test,True,asr,0,E:\m-hvc\datasets\old-dataset\frames_unique\non_hate_video_557,0.08507642894983292,0.016548050567507744,0.8606185913085938,0.037756871432065964,0,2,0.8421328961849213,0,0.15213289618492126
R_hate_video_110,1,0.4636857807636261,-0.14551310241222382,test,True,human,2,E:\m-hvc\datasets\old-dataset\frames_unique\R_hate_video_110,0.8896418213844299,0.024632707238197327,0.07196362316608429,0.013761896640062332,1,0,0.5363142192363739,0,0.1536857807636261
non_hate_video_411,0,0.15586142241954803,-1.6893494129180908,test,True,asr,0,E:\m-hvc\datasets\old-dataset\frames_unique\non_hate_video_411,0.6051338911056519,0.04152176156640053,0.3375493884086609,0.015795009210705757,0,0,0.844138577580452,0,0.15413857758045196
non_hate_video_405,0,0.15450306236743927,-1.6997106075286865,test,True,asr,0,E:\m-hvc\datasets\old-dataset\frames_unique\non_hate_video_405,0.06586799025535583,0.011631042696535587,0.904331624507904,0.01816926710307598,0,2,0.8454969376325607,0,0.15549693763256073
hate_video_396,1,0.4657002389431,-0.13741502165794373,test,True,asr,1,E:\m-hvc\datasets\old-dataset\frames_unique\hate_video_396,0.19529330730438232,0.5937226414680481,0.11875075101852417,0.0922333151102066,1,1,0.5342997610569,0,0.15570023894309998
video_161,1,0.46658197045326233,-0.13387180864810944,test,True,human,2,E:\m-hvc\datasets\old-dataset\frames_unique\video_161,0.9845706820487976,0.0035308394581079483,0.009876810014247894,0.0020216985139995813,1,0,0.5334180295467377,0,0.15658197045326233
non_hate_video_352,0,0.15332430601119995,-1.7087624073028564,test,True,asr,0,E:\m-hvc\datasets\old-dataset\frames_unique\non_hate_video_352,0.07240355759859085,0.013362756930291653,0.8977929949760437,0.01644066534936428,0,2,0.8466756939888,0,0.15667569398880005
hate_video_187,1,0.46716827154159546,-0.13151606917381287,test,True,asr,3,E:\m-hvc\datasets\old-dataset\frames_unique\hate_video_187,0.0757911428809166,0.04021051898598671,0.29889750480651855,0.5851008296012878,1,3,0.5328317284584045,0,0.15716827154159546
non_hate_video_476,0,0.1517019271850586,-1.721314549446106,test,True,asr,0,E:\m-hvc\datasets\old-dataset\frames_unique\non_hate_video_476,0.3918445408344269,0.0998258963227272,0.131632998585701,0.37669655680656433,0,0,0.8482980728149414,0,0.1582980728149414
video_202,0,0.14949747920036316,-1.7385478019714355,test,True,human,0,E:\m-hvc\datasets\old-dataset\frames_unique\video_202,0.9638779759407043,0.003928333520889282,0.02998002991080284,0.0022135507315397263,0,0,0.8505025207996368,0,0.16050252079963684
non_hate_video_546,0,0.14872677624225616,-1.7446222305297852,test,True,asr,0,E:\m-hvc\datasets\old-dataset\frames_unique\non_hate_video_546,0.17506253719329834,0.03628702461719513,0.7645317912101746,0.024118635803461075,0,2,0.8512732237577438,0,0.16127322375774383
hate_video_151,1,0.4723309874534607,-0.11078914999961853,test,True,asr,2,E:\m-hvc\datasets\old-dataset\frames_unique\hate_video_151,0.021405022591352463,0.021029828116297722,0.9157798886299133,0.04178520292043686,1,2,0.5276690125465393,0,0.1623309874534607
S_non_hate_videos_272,0,0.14384247362613678,-1.7837356328964233,test,True,human,0,E:\m-hvc\datasets\old-dataset\frames_unique\S_non_hate_videos_272,0.9962310194969177,0.0009290477610193193,0.0021956905256956816,0.0006442488520406187,0,0,0.8561575263738632,0,0.16615752637386322
S_non_hate_videos_166,0,0.1429068148136139,-1.7913539409637451,test,True,asr,0,E:\m-hvc\datasets\old-dataset\frames_unique\S_non_hate_videos_166,0.0759853646159172,0.01789991743862629,0.884261965751648,0.021852711215615273,0,2,0.8570931851863861,0,0.1670931851863861
non_hate_video_443,0,0.14103752374649048,-1.806699275970459,test,True,asr,0,E:\m-hvc\datasets\old-dataset\frames_unique\non_hate_video_443,0.09550150483846664,0.015312536619603634,0.8573065400123596,0.03187942877411842,0,2,0.8589624762535095,0,0.16896247625350952
R_non_hate_video_380,0,0.13923709094524384,-1.821640968322754,test,True,human,0,E:\m-hvc\datasets\old-dataset\frames_unique\R_non_hate_video_380,0.10275355726480484,0.015354258939623833,0.8434089422225952,0.038483213633298874,0,2,0.8607629090547562,0,0.17076290905475616
R_non_hate_video_187,0,0.1385134756565094,-1.827691674232483,test,True,human,0,E:\m-hvc\datasets\old-dataset\frames_unique\R_non_hate_video_187,0.0797349363565445,0.01600228063762188,0.8824480772018433,0.021814746782183647,0,2,0.8614865243434906,0,0.1714865243434906
non_hate_video_226,0,0.13625362515449524,-1.8467611074447632,test,True,asr,0,E:\m-hvc\datasets\old-dataset\frames_unique\non_hate_video_226,0.4667002260684967,0.19842101633548737,0.25453025102615356,0.08034848421812057,0,0,0.8637463748455048,0,0.17374637484550476
R_non_hate_video_065,0,0.13467708230018616,-1.8602228164672852,test,True,human,0,E:\m-hvc\datasets\old-dataset\frames_unique\R_non_hate_video_065,0.9975971579551697,0.0005840586964040995,0.001434157369658351,0.00038453034358099103,0,0,0.8653229176998138,0,0.17532291769981384
BV1Yh411B7XD,0,0.12690456211566925,-1.9286096096038818,test,True,asr,0,E:\m-hvc\datasets\old-dataset\frames_unique\BV1Yh411B7XD,0.9951938986778259,0.0008662344189360738,0.0033263445366173983,0.0006134761497378349,0,0,0.8730954378843307,0,0.18309543788433075
BV1ke411n7vj,1,0.4933297038078308,-0.026682715862989426,test,True,asr,2,E:\m-hvc\datasets\old-dataset\frames_unique\BV1ke411n7vj,0.9906553626060486,0.002121494384482503,0.005617713090032339,0.001605526776984334,1,0,0.5066702961921692,0,0.1833297038078308
hate_video_239,1,0.4973491430282593,-0.010603468865156174,test,True,asr,2,E:\m-hvc\datasets\old-dataset\frames_unique\hate_video_239,0.02447194792330265,0.015765586867928505,0.8955767750740051,0.06418560445308685,1,2,0.5026508569717407,0,0.18734914302825928
R_non_hate_video_021,0,0.12264729291200638,-1.9675962924957275,test,True,human,0,E:\m-hvc\datasets\old-dataset\frames_unique\R_non_hate_video_021,0.14399389922618866,0.013499032706022263,0.8223747611045837,0.020132407546043396,0,2,0.8773527070879936,0,0.18735270708799362
R_non_hate_video_388,0,0.1101665273308754,-2.089041233062744,test,True,human,0,E:\m-hvc\datasets\old-dataset\frames_unique\R_non_hate_video_388,0.35369524359703064,0.041429031640291214,0.3837990462779999,0.22107668220996857,0,2,0.8898334726691246,0,0.1998334726691246
BV1cf4y1K7QG,1,0.5107700824737549,0.04308702424168587,test,True,asr,2,E:\m-hvc\datasets\old-dataset\frames_unique\BV1cf4y1K7QG,0.9883381724357605,0.003508982015773654,0.005939800757914782,0.0022130608558654785,1,0,0.5107700824737549,0,0.20077008247375489
S_non_hate_videos_58,0,0.10771359503269196,-2.114311456680298,test,True,asr,0,E:\m-hvc\datasets\old-dataset\frames_unique\S_non_hate_videos_58,0.9974706172943115,0.0005897292285226285,0.0015595231670886278,0.00038018435589037836,0,0,0.892286404967308,0,0.20228640496730804
S_non_hate_videos_24,0,0.1064969077706337,-2.1270339488983154,test,False,missing,0,E:\m-hvc\datasets\old-dataset\frames_unique\S_non_hate_videos_24,0.8730458617210388,0.019135212525725365,0.08636772632598877,0.021451236680150032,0,0,0.8935030922293663,0,0.2035030922293663
BV1Xz4y1N77w,0,0.09607972949743271,-2.241562843322754,test,False,missing,0,E:\m-hvc\datasets\old-dataset\frames_unique\BV1Xz4y1N77w,0.8783203959465027,0.01829652674496174,0.08558430522680283,0.01779874786734581,0,0,0.9039202705025673,0,0.2139202705025673
hate_video_21,1,0.5300719738006592,0.12043319642543793,test,True,asr,3,E:\m-hvc\datasets\old-dataset\frames_unique\hate_video_21,0.06177166849374771,0.0435500368475914,0.16464115679264069,0.7300370931625366,1,3,0.5300719738006592,0,0.22007197380065918
hate_video_426,0,0.08839023858308792,-2.3334503173828125,test,False,missing,0,E:\m-hvc\datasets\old-dataset\frames_unique\hate_video_426,0.823430061340332,0.027807891368865967,0.11991611123085022,0.028845954686403275,0,0,0.9116097614169121,0,0.22160976141691208
BV1Fw411c7mX,0,0.08371283113956451,-2.392937421798706,test,True,asr,0,E:\m-hvc\datasets\old-dataset\frames_unique\BV1Fw411c7mX,0.9861911535263062,0.0011531858472153544,0.011693630367517471,0.0009619734482839704,0,0,0.9162871688604355,0,0.22628716886043548
non_hate_video_359,0,0.08034268766641617,-2.437700033187866,test,True,asr,0,E:\m-hvc\datasets\old-dataset\frames_unique\non_hate_video_359,0.5976815819740295,0.2289932370185852,0.12056665867567062,0.05275849252939224,0,0,0.9196573123335838,0,0.22965731233358383
video_49,1,0.5412359237670898,0.16531933844089508,test,False,missing,2,E:\m-hvc\datasets\old-dataset\frames_unique\video_49,0.6648983359336853,0.040477853268384933,0.24638473987579346,0.0482390820980072,1,0,0.5412359237670898,0,0.23123592376708985
video_279,1,0.5430799722671509,0.1727481633424759,test,True,human,2,E:\m-hvc\datasets\old-dataset\frames_unique\video_279,0.02981593832373619,0.025127949193120003,0.9302854537963867,0.014770655892789364,1,2,0.5430799722671509,0,0.23307997226715088
BV1yy4y1j7Qm,0,0.07070229947566986,-2.575951099395752,test,True,asr,0,E:\m-hvc\datasets\old-dataset\frames_unique\BV1yy4y1j7Qm,0.9913909435272217,0.0012465924955904484,0.006462088320404291,0.0009002696024253964,0,0,0.9292977005243301,0,0.23929770052433014
BV1gT411H7a3,0,0.06718473136425018,-2.63076114654541,test,False,missing,0,E:\m-hvc\datasets\old-dataset\frames_unique\BV1gT411H7a3,0.8776578307151794,0.020702825859189034,0.08043466508388519,0.021204721182584763,0,0,0.9328152686357498,0,0.24281526863574981
non_hate_video_263,0,0.06714694201946259,-2.631364345550537,test,True,asr,0,E:\m-hvc\datasets\old-dataset\frames_unique\non_hate_video_263,0.996517539024353,0.0008202630560845137,0.0021230208221822977,0.0005392221501097083,0,0,0.9328530579805374,0,0.2428530579805374
non_hate_video_6,0,0.05704602599143982,-2.805159091949463,test,False,missing,0,E:\m-hvc\datasets\old-dataset\frames_unique\non_hate_video_6,0.831607460975647,0.03127222880721092,0.10227243602275848,0.034847892820835114,0,0,0.9429539740085602,0,0.2529539740085602
R_non_hate_video_393,0,0.055794984102249146,-2.8286592960357666,test,True,human,0,E:\m-hvc\datasets\old-dataset\frames_unique\R_non_hate_video_393,0.3281571865081787,0.0269102044403553,0.6185197830200195,0.026412799954414368,0,2,0.9442050158977509,0,0.25420501589775085
BV11m4y1C7CJ,0,0.05471142753958702,-2.8494176864624023,test,True,asr,0,E:\m-hvc\datasets\old-dataset\frames_unique\BV11m4y1C7CJ,0.9138157367706299,0.006518286187201738,0.07372225821018219,0.005943703465163708,0,0,0.945288572460413,0,0.255288572460413
BV1Wp4y1z7Dr,0,0.053876545280218124,-2.865677833557129,test,True,asr,0,E:\m-hvc\datasets\old-dataset\frames_unique\BV1Wp4y1z7Dr,0.8715664148330688,0.005920476280152798,0.11581409722566605,0.006698952056467533,0,0,0.9461234547197819,0,0.2561234547197819
non_hate_video_591,0,0.053628552705049515,-2.870553493499756,test,True,asr,0,E:\m-hvc\datasets\old-dataset\frames_unique\non_hate_video_591,0.9879910349845886,0.0030526805203408003,0.007507845759391785,0.0014484821585938334,0,0,0.9463714472949505,0,0.2563714472949505
hate_video_104,0,0.051865361630916595,-2.9058454036712646,test,True,asr,0,E:\m-hvc\datasets\old-dataset\frames_unique\hate_video_104,0.9975433349609375,0.00047861572238616645,0.001658176421187818,0.0003199269704055041,0,0,0.9481346383690834,0,0.2581346383690834
BV1v94y1u7nj,0,0.051032405346632004,-2.9229137897491455,test,True,asr,0,E:\m-hvc\datasets\old-dataset\frames_unique\BV1v94y1u7nj,0.7458893656730652,0.010622067376971245,0.22898158431053162,0.014506992883980274,0,0,0.948967594653368,0,0.258967594653368
non_hate_video_249,0,0.050822366029024124,-2.9272594451904297,test,False,missing,0,E:\m-hvc\datasets\old-dataset\frames_unique\non_hate_video_249,0.7495139241218567,0.05113927274942398,0.14449693262577057,0.05484987422823906,0,0,0.9491776339709759,0,0.2591776339709759
BV1jT4y1Q7qJ,0,0.048715800046920776,-2.9718093872070312,test,True,asr,0,E:\m-hvc\datasets\old-dataset\frames_unique\BV1jT4y1Q7qJ,0.8320422768592834,0.006516067776829004,0.1528615951538086,0.008580023422837257,0,0,0.9512841999530792,0,0.2612841999530792
BV1Zk4y1W7mz,0,0.04706992954015732,-3.0079071521759033,test,True,asr,0,E:\m-hvc\datasets\old-dataset\frames_unique\BV1Zk4y1W7mz,0.6456220746040344,0.012747078202664852,0.32232168316841125,0.019309209659695625,0,0,0.9529300704598427,0,0.2629300704598427
S_non_hate_videos_136,0,0.045482613146305084,-3.0438756942749023,test,True,asr,0,E:\m-hvc\datasets\old-dataset\frames_unique\S_non_hate_videos_136,0.9880543351173401,0.0019399321172386408,0.007644497323781252,0.002361197955906391,0,0,0.9545173868536949,0,0.2645173868536949
non_hate_video_643,0,0.04442368075251579,-3.068542003631592,test,False,missing,0,E:\m-hvc\datasets\old-dataset\frames_unique\non_hate_video_643,0.8734833002090454,0.022546494379639626,0.08146427571773529,0.02250591479241848,0,0,0.9555763192474842,0,0.2655763192474842
BV19Q4y1m74q,0,0.04341128095984459,-3.092654228210449,test,True,asr,0,E:\m-hvc\datasets\old-dataset\frames_unique\BV19Q4y1m74q,0.9916866421699524,0.0013853309210389853,0.0058774398639798164,0.0010505043901503086,0,0,0.9565887190401554,0,0.2665887190401554
non_hate_video_371,0,0.04270954430103302,-3.109684467315674,test,True,asr,0,E:\m-hvc\datasets\old-dataset\frames_unique\non_hate_video_371,0.9972808361053467,0.0005821296363137662,0.0017442393582314253,0.000392771209590137,0,0,0.957290455698967,0,0.267290455698967
BV14R4y1v7WF,0,0.04264036566019058,-3.111377716064453,test,True,asr,0,E:\m-hvc\datasets\old-dataset\frames_unique\BV14R4y1v7WF,0.9509846568107605,0.0034574875608086586,0.04125862941145897,0.004299249965697527,0,0,0.9573596343398094,0,0.2673596343398094
non_hate_video_508,0,0.04210814833641052,-3.1244935989379883,test,False,missing,0,E:\m-hvc\datasets\old-dataset\frames_unique\non_hate_video_508,0.7669575214385986,0.05352824553847313,0.12446576356887817,0.05504842475056648,0,0,0.9578918516635895,0,0.2678918516635895
S_non_hate_videos_191,0,0.041644297540187836,-3.136054515838623,test,True,asr,0,E:\m-hvc\datasets\old-dataset\frames_unique\S_non_hate_videos_191,0.5742135047912598,0.04142368584871292,0.35479065775871277,0.02957215905189514,0,0,0.9583557024598122,0,0.26835570245981216
BV1EN411E7Dy,0,0.04020466282963753,-3.1727371215820312,test,True,asr,0,E:\m-hvc\datasets\old-dataset\frames_unique\BV1EN411E7Dy,0.9971736669540405,0.0006114965653978288,0.0018469417700544,0.00036789034493267536,0,0,0.9597953371703625,0,0.26979533717036247
BV1h8411i7ia,0,0.04018434137105942,-3.1732637882232666,test,True,asr,0,E:\m-hvc\datasets\old-dataset\frames_unique\BV1h8411i7ia,0.6878525614738464,0.013126864098012447,0.28005850315093994,0.018962055444717407,0,0,0.9598156586289406,0,0.2698156586289406
BV1x54y1X7kE,0,0.03732529282569885,-3.250044345855713,test,True,asr,0,E:\m-hvc\datasets\old-dataset\frames_unique\BV1x54y1X7kE,0.92252117395401,0.036295127123594284,0.029146866872906685,0.012036879546940327,0,0,0.9626747071743011,0,0.27267470717430115
non_hate_video_407,0,0.03708209842443466,-3.256833791732788,test,False,missing,0,E:\m-hvc\datasets\old-dataset\frames_unique\non_hate_video_407,0.8414492607116699,0.034891072660684586,0.08910864591598511,0.03455101698637009,0,0,0.9629179015755653,0,0.27291790157556534
BV1DX4y1R74Z,0,0.03685282543301582,-3.2632739543914795,test,True,asr,0,E:\m-hvc\datasets\old-dataset\frames_unique\BV1DX4y1R74Z,0.9936838150024414,0.0010808859951794147,0.004399741534143686,0.0008356152684427798,0,0,0.9631471745669842,0,0.2731471745669842
R_non_hate_video_198,0,0.03652528300881386,-3.2725415229797363,test,True,human,0,E:\m-hvc\datasets\old-dataset\frames_unique\R_non_hate_video_198,0.8134409189224243,0.09965328872203827,0.06268530339002609,0.024220537394285202,0,0,0.9634747169911861,0,0.27347471699118614
non_hate_video_267,0,0.03562947362661362,-3.298302412033081,test,False,missing,0,E:\m-hvc\datasets\old-dataset\frames_unique\non_hate_video_267,0.8266386389732361,0.033430494368076324,0.10360967367887497,0.0363212488591671,0,0,0.9643705263733864,0,0.2743705263733864
BV19J411G7MT,0,0.035593681037425995,-3.299344539642334,test,False,missing,0,E:\m-hvc\datasets\old-dataset\frames_unique\BV19J411G7MT,0.852738082408905,0.03369424492120743,0.08060726523399353,0.03296033293008804,0,0,0.964406318962574,0,0.274406318962574
BV1214y1279y,0,0.03473391383886337,-3.3246872425079346,test,True,asr,0,E:\m-hvc\datasets\old-dataset\frames_unique\BV1214y1279y,0.9838972091674805,0.0014279955066740513,0.013297048397362232,0.001377860433422029,0,0,0.9652660861611366,0,0.2752660861611366
non_hate_video_151,0,0.034608129411935806,-3.3284454345703125,test,False,missing,0,E:\m-hvc\datasets\old-dataset\frames_unique\non_hate_video_151,0.8070281147956848,0.04168619215488434,0.10864738374948502,0.04263832047581673,0,0,0.9653918705880642,0,0.2753918705880642
non_hate_video_642,0,0.03448258340358734,-3.332209825515747,test,True,asr,0,E:\m-hvc\datasets\old-dataset\frames_unique\non_hate_video_642,0.8189082741737366,0.030947107821702957,0.13603466749191284,0.01410999707877636,0,0,0.9655174165964127,0,0.27551741659641266
hate_video_288,0,0.0342525877058506,-3.3391401767730713,test,False,missing,0,E:\m-hvc\datasets\old-dataset\frames_unique\hate_video_288,0.8221011757850647,0.03301626071333885,0.1074911430478096,0.03739137202501297,0,0,0.9657474122941494,0,0.2757474122941494
BV1t5411h71N,0,0.031816333532333374,-3.4154419898986816,test,True,asr,0,E:\m-hvc\datasets\old-dataset\frames_unique\BV1t5411h71N,0.8571008443832397,0.011827505193650723,0.11178577691316605,0.01928592473268509,0,0,0.9681836664676666,0,0.2781836664676666
non_hate_video_559,0,0.030570799484848976,-3.456662178039551,test,False,missing,0,E:\m-hvc\datasets\old-dataset\frames_unique\non_hate_video_559,0.8311875462532043,0.03235107660293579,0.0999719426035881,0.036489516496658325,0,0,0.969429200515151,0,0.279429200515151
BV1jJ41147t5,0,0.030558135360479355,-3.45708966255188,test,True,asr,0,E:\m-hvc\datasets\old-dataset\frames_unique\BV1jJ41147t5,0.9973471164703369,0.00045870436588302255,0.0018259352073073387,0.00036824221024289727,0,0,0.9694418646395206,0,0.27944186463952064
R_non_hate_video_385,0,0.029586059972643852,-3.490419387817383,test,True,human,0,E:\m-hvc\datasets\old-dataset\frames_unique\R_non_hate_video_385,0.6971154808998108,0.015635600313544273,0.2709275186061859,0.016321450471878052,0,0,0.9704139400273561,0,0.28041394002735615
BV1tJ411y7xH,0,0.02957090549170971,-3.4909474849700928,test,False,missing,0,E:\m-hvc\datasets\old-dataset\frames_unique\BV1tJ411y7xH,0.8989449143409729,0.0206560380756855,0.05846144258975983,0.021937517449259758,0,0,0.9704290945082903,0,0.2804290945082903
BV1eb411K7Bd,0,0.028926100581884384,-3.513658285140991,test,False,missing,0,E:\m-hvc\datasets\old-dataset\frames_unique\BV1eb411K7Bd,0.8761507272720337,0.025563066825270653,0.07175926864147186,0.02652689442038536,0,0,0.9710738994181156,0,0.2810738994181156
BV17N4y1q7qc,0,0.028610510751605034,-3.5249533653259277,test,False,missing,0,E:\m-hvc\datasets\old-dataset\frames_unique\BV17N4y1q7qc,0.8797600269317627,0.024910349398851395,0.06962546706199646,0.025704126805067062,0,0,0.971389489248395,0,0.28138948924839496
BV1N94y1a73A,0,0.02848649024963379,-3.5294251441955566,test,True,asr,0,E:\m-hvc\datasets\old-dataset\frames_unique\BV1N94y1a73A,0.8793967962265015,0.006099256686866283,0.10594159364700317,0.008562339469790459,0,0,0.9715135097503662,0,0.2815135097503662
video_142,0,0.028277665376663208,-3.5369977951049805,test,True,human,0,E:\m-hvc\datasets\old-dataset\frames_unique\video_142,0.9973090887069702,0.0005182289169169962,0.0017953846836462617,0.00037738686660304666,0,0,0.9717223346233368,0,0.2817223346233368
BV1NV4y1y7Kv,0,0.028056103736162186,-3.5450918674468994,test,True,asr,0,E:\m-hvc\datasets\old-dataset\frames_unique\BV1NV4y1y7Kv,0.9376509785652161,0.0036946095060557127,0.05418696627020836,0.004467409569770098,0,0,0.9719438962638378,0,0.2819438962638378
BV1uk4y1D7JG,0,0.027766626328229904,-3.5557610988616943,test,True,asr,0,E:\m-hvc\datasets\old-dataset\frames_unique\BV1uk4y1D7JG,0.8554556965827942,0.0072797369211912155,0.12723171710968018,0.010032810270786285,0,0,0.9722333736717701,0,0.2822333736717701
S_non_hate_videos_247,0,0.02738555148243904,-3.569972276687622,test,True,human,0,E:\m-hvc\datasets\old-dataset\frames_unique\S_non_hate_videos_247,0.9745264649391174,0.0051748319528996944,0.012491443194448948,0.00780717795714736,0,0,0.972614448517561,0,0.28261444851756096
non_hate_video_549,0,0.02708464115858078,-3.5813302993774414,test,False,missing,0,E:\m-hvc\datasets\old-dataset\frames_unique\non_hate_video_549,0.8622764348983765,0.02941186912357807,0.07788390666246414,0.03042786568403244,0,0,0.9729153588414192,0,0.2829153588414192
R_non_hate_video_253,0,0.026963643729686737,-3.5859320163726807,test,True,asr,0,E:\m-hvc\datasets\old-dataset\frames_unique\R_non_hate_video_253,0.7269930243492126,0.01730733923614025,0.241097554564476,0.014602161943912506,0,0,0.9730363562703133,0,0.28303635627031326
BV1Au411M78x,0,0.02662094496190548,-3.5990753173828125,test,True,asr,0,E:\m-hvc\datasets\old-dataset\frames_unique\BV1Au411M78x,0.9892562627792358,0.0011981495190411806,0.00841430388391018,0.0011312662390992045,0,0,0.9733790550380945,0,0.2833790550380945
BV1vv411z7sj,0,0.026214662939310074,-3.6148719787597656,test,False,missing,0,E:\m-hvc\datasets\old-dataset\frames_unique\BV1vv411z7sj,0.8576672077178955,0.02824169211089611,0.08328437805175781,0.030806684866547585,0,0,0.9737853370606899,0,0.2837853370606899
BV15c411477v,0,0.025304267182946205,-3.6511523723602295,test,True,asr,0,E:\m-hvc\datasets\old-dataset\frames_unique\BV15c411477v,0.9193585515022278,0.005314018111675978,0.06975401192903519,0.005573490168899298,0,0,0.9746957328170538,0,0.2846957328170538
S_non_hate_videos_53,0,0.02469649352133274,-3.6760873794555664,test,False,missing,0,E:\m-hvc\datasets\old-dataset\frames_unique\S_non_hate_videos_53,0.8672698736190796,0.025971626862883568,0.07944810390472412,0.027310427278280258,0,0,0.9753035064786673,0,0.28530350647866726
R_hate_video_184,1,0.595499575138092,0.38674789667129517,test,True,human,2,E:\m-hvc\datasets\old-dataset\frames_unique\R_hate_video_184,0.9926160573959351,0.001955766463652253,0.004211129620671272,0.0012170573463663459,1,0,0.595499575138092,0,0.28549957513809204
non_hate_video_216,0,0.02422221191227436,-3.695964813232422,test,True,asr,0,E:\m-hvc\datasets\old-dataset\frames_unique\non_hate_video_216,0.9603005051612854,0.01295742578804493,0.018104348331689835,0.008637722581624985,0,0,0.9757777880877256,0,0.28577778808772564
