source_video_id,segment_id,split,video_prob_hate_speech,true_hate_speech,video_prob_discrimination,true_discrimination,video_prob_contextual_hate,true_contextual_hate,video_prob_threat,true_threat,video_prob_violence,true_violence,video_prob_fear,true_fear,video_prob_sexual,true_sexual,video_prob_illegal,true_illegal,video_prob_online_harm,true_online_harm,text_prob_hate_speech,text_prob_discrimination,text_prob_contextual_hate,text_prob_threat,text_prob_violence,text_prob_fear,text_prob_sexual,text_prob_illegal,text_prob_online_harm,prob_hate_speech,prob_discrimination,prob_contextual_hate,prob_threat,prob_violence,prob_fear,prob_sexual,prob_illegal,prob_online_harm,predicted_labels,suppressed_labels
hate_video_1,hate_video_1_0_5,val,0.5703057646751404,0,0.638422966003418,0,0.6188831329345703,0,0.3979392945766449,0,0.416614681482315,0,0.4826280772686004,0,0.5083581805229187,0,0.4431900978088379,0,0.5394440293312073,0,0.344811055796404,0.4378882908060292,0.3996481161238578,0.1077512594559153,0.3816118314122255,0.4258717802281803,0.1809765757500058,0.0830749712406307,0.1283023464932032,0.4124594684600249,0.4980486933652458,0.46541862116707156,0.2528452770162801,0.40436368395778366,0.4627633733044534,0.39377461885239917,0.19110950921109282,0.2516448513446044,,
hate_video_1,hate_video_1_7_15,val,0.4779866337776184,0,0.5513320565223694,0,0.5550143718719482,0,0.4029259979724884,0,0.4340836405754089,0,0.4776880443096161,0,0.4870937764644623,0,0.4712116718292236,0,0.5019708871841431,0,0.4071856768753881,0.5501669306576047,0.5047786140876909,0.1142834326186574,0.2522058017032607,0.3425658730307261,0.2144646008591717,0.0697774877749203,0.1220310070742535,0.42842596394605714,0.550516468417034,0.5198493414229681,0.2586047152955729,0.37042639697015706,0.4303952843620046,0.3916735650026106,0.19020774299121126,0.23601297110722036,,
hate_video_1,hate_video_1_18_44,val,0.6167149543762207,1,0.686051607131958,1,0.6475529670715332,1,0.3890181183815002,0,0.3798330426216125,0,0.4776724278926849,0,0.5117438435554504,0,0.4227868914604187,0,0.5682733654975891,0,0.4436178701708556,0.5439364981489812,0.5434785745889714,0.1126370767757199,0.2759178208568509,0.3991570444607211,0.2033805654016702,0.0732652362615666,0.1409597409678284,0.4955469954324651,0.5865710308438742,0.57470089233374,0.25082759757861006,0.34346271500394593,0.45019204369149757,0.40381669620162736,0.17812173282122223,0.2691538283267566,,
hate_video_1,hate_video_1_87_93,val,0.7041937708854675,0,0.724812924861908,0,0.6414505243301392,0,0.4071665704250335,0,0.360279381275177,0,0.5010160207748413,0,0.5538338422775269,0,0.4019258916378021,0,0.5831409096717834,0,0.3613548381678861,0.4128692858938068,0.4246838714668637,0.138642232728708,0.2833495083139358,0.432325040247485,0.2127241879559324,0.0956425726979214,0.1282435276025699,0.4642065179831605,0.5064523775842371,0.4897138673258463,0.27290440157687074,0.33335392573874256,0.4769741775902666,0.4344454632649688,0.1875275683798856,0.26471274222333396,,
hate_video_17,hate_video_17_0_7,val,0.543018102645874,0,0.6065275073051453,0,0.5914590954780579,0,0.3995161056518554,0,0.4377404749393463,1,0.4629534780979156,0,0.4936367273330688,0,0.4643159508705139,0,0.5135572552680969,0,0.1793192896110693,0.1900312455355441,0.1837302630008528,0.0873625473505607,0.8288943051755011,0.2298017218596562,0.1491447884627755,0.0720753792868463,0.1090446883481311,0.2884289335215107,0.3149801240664244,0.3060489127440143,0.24343932650120806,0.5746443155220005,0.3813503634145248,0.37306454872846617,0.18974755076194658,0.23039845842412082,,
hate_video_23,hate_video_23_0_120,val,0.704531192779541,1,0.7276899814605713,1,0.6453821659088135,1,0.4063304662704468,0,0.3523643314838409,0,0.5027968883514404,0,0.5563451051712036,0,0.4162315726280212,0,0.5772997736930847,0,0.6707349094696154,0.7199602118823749,0.732840392632124,0.2000895732982473,0.2799153758139519,0.4674714544627366,0.2361845758643685,0.1020011537338922,0.1871158100837885,0.6808737944625931,0.7222791427558338,0.7066029246151309,0.30321001978434703,0.32700719699937975,0.4904329864903941,0.4442889199138113,0.19627027940213088,0.30417099916657736,,
hate_video_25,hate_video_25_0_191,val,0.6956019997596741,0,0.7065199613571167,0,0.6593594551086426,0,0.4160957336425781,0,0.3728528022766113,0,0.476538598537445,0,0.5563284754753113,1,0.4057308435440063,0,0.5665677785873413,0,0.5896766072838214,0.6754425436993088,0.5959586455768098,0.1756052565943935,0.2680613080949692,0.3564314254949347,0.5135989497858233,0.0620486103508671,0.1149182471995171,0.6214542250265772,0.6847657689966511,0.6149788884363596,0.2958504951184858,0.33617577931303655,0.43450108797256637,0.5413731414839905,0.16515328030880885,0.25041310661586436,,
hate_video_47,hate_video_47_0_32,val,0.3942739963531494,0,0.3951058387756347,0,0.443117618560791,0,0.4078584015369415,0,0.4685935378074646,1,0.4922572374343872,1,0.4815627932548523,0,0.5273261666297913,0,0.416593074798584,0,0.4114929240021268,0.3698991155323062,0.3063811008445583,0.1585773331018702,0.3975707841178776,0.4072616287415108,0.2225076586402973,0.0954404698911572,0.1484188480225517,0.40632724570743356,0.3774611325053047,0.3474020561594281,0.28321786731940585,0.44373557401610914,0.4625087743918805,0.39089349613975805,0.22500617891274743,0.22887111605536137,,
hate_video_54,hate_video_54_43_182,val,0.3948835730552673,1,0.4194826185703277,1,0.4777006208896637,1,0.4258593320846557,0,0.5121389031410217,0,0.4875128865242004,0,0.4986710250377655,0,0.5257420539855957,0,0.4432145357131958,0,0.6521151722041176,0.739021853881516,0.712464784211564,0.1547148627771118,0.3525049548134965,0.4275749035401737,0.2215480503373805,0.0775757217216229,0.1022622884918139,0.5749456924594625,0.6431600832881594,0.6420355352149939,0.29028709743088377,0.45626702122638785,0.466534592479791,0.40167798389263076,0.21202562140081474,0.20454796265822844,,
hate_video_74,hate_video_74_0_72,val,0.7137128114700317,1,0.7252174019813538,1,0.649029016494751,1,0.4154110550880432,0,0.3536915779113769,0,0.4896052777767181,0,0.5634933710098267,0,0.418584942817688,0,0.5764392614364624,0,0.7064452685169562,0.8382114484049326,0.8052195069357813,0.1728125102458528,0.3397269434059908,0.4223012770685723,0.1412858150422847,0.1047300950274209,0.0903723143853929,0.7086255314028789,0.8043132344778589,0.7583623598034721,0.29411178266694804,0.34880395583449175,0.46604887752886703,0.41572072642118696,0.198886549364501,0.23619239850071372,,
hate_video_95,hate_video_95_0_22,val,0.6576048731803894,0,0.6782114505767822,0,0.6474919319152832,0,0.4028880298137665,0,0.393220454454422,0,0.5005070567131042,0,0.5338679552078247,0,0.4401359856128692,0,0.5753206610679626,0,0.3214855332359466,0.3848148400098019,0.3358135860576833,0.119738976808078,0.3498987741286972,0.3373382352688487,0.2237190585958169,0.0889835556004659,0.1165185363108072,0.4223213352192794,0.472833823179896,0.42931708981496325,0.26131350331092223,0.37805786634041827,0.4433979692076148,0.425315841393622,0.19432928460418689,0.2541591737379538,,
hate_video_95,hate_video_95_112_133,val,0.6576048731803894,0,0.6782114505767822,0,0.6474919319152832,0,0.4028880298137665,0,0.393220454454422,0,0.5005070567131042,0,0.5338679552078247,0,0.4401359856128692,0,0.5753206610679626,0,0.1406314422995132,0.1446696344414758,0.0953059551302022,0.0904466140508612,0.1634224217206524,0.2108323195767735,0.1227105774430612,0.0799074972183366,0.047285509549229,0.29572347156377604,0.30473217928206775,0.2609617481657265,0.24666732193231383,0.31279114299760263,0.3991208987153885,0.38996287299015747,0.18797604373669638,0.20569605500484908,,
hate_video_99,hate_video_99_0_41,val,0.7022215127944946,0,0.7192637920379639,0,0.6509506702423096,0,0.401973158121109,0,0.3595403432846069,1,0.48607137799263,0,0.5460533499717712,0,0.4051263332366943,0,0.5687891840934753,0,0.503687122820464,0.6611591068547312,0.6008071753855959,0.1093217929335103,0.6455273556007449,0.2724110476342097,0.1225370639893368,0.0597298944476985,0.1082226923603085,0.5632474398126732,0.6785905124097009,0.61585022384261,0.25564747552730965,0.4596357975952552,0.4112902623671829,0.39782264987791915,0.16334882608439721,0.24639263988025853,,
hate_video_99,hate_video_99_46_86,val,0.7022215127944946,0,0.7192637920379639,0,0.6509506702423096,0,0.401973158121109,0,0.3595403432846069,0,0.48607137799263,1,0.5460533499717712,0,0.4051263332366943,0,0.5687891840934753,0,0.3654135026118791,0.4433143281640819,0.4156510617812245,0.1049493254391045,0.3350135606875144,0.8266137826158567,0.194787989521158,0.0685702368559245,0.1272787538472991,0.46645590566666373,0.5260991673262464,0.48624094431955,0.25346124178010676,0.3509559693756245,0.6052612196107594,0.4231104738140566,0.16953706577015543,0.25973188292115196,,
hate_video_102,hate_video_102_0_121,val,0.7198395729064941,1,0.7191128134727478,1,0.6315670013427734,1,0.4238804578781128,0,0.3601200580596924,0,0.4972178936004638,0,0.5634528994560242,0,0.4332119226455688,0,0.5601891875267029,0,0.4876856012085827,0.5120816823454469,0.5398194774265677,0.1145738466449859,0.236199151328171,0.4257686929469535,0.1661124346704592,0.0936309451328361,0.0951161343542519,0.5573317927179561,0.5741910216836372,0.5673437346014294,0.26922715226154936,0.3167477407036599,0.4722106733717352,0.42438373678107644,0.1955052383866559,0.23463805030598717,,
hate_video_113,hate_video_113_0_60,val,0.7106887698173523,0,0.7361792325973511,0,0.6552211046218872,0,0.4218000769615173,0,0.344982385635376,0,0.4936457872390747,1,0.5589500069618225,0,0.4166070818901062,0,0.5735536217689514,0,0.6511144482516225,0.7305437331391199,0.7295910331827563,0.196608275771004,0.3731689901300673,0.5099930049243229,0.1786612314396781,0.0675511205380346,0.2196589388921746,0.6689867447213413,0.7322343829765893,0.7072800546144955,0.30920417636626063,0.35484769720851794,0.49936731342891155,0.425848935529072,0.17226790894365607,0.3258273437552076,,
hate_video_114,hate_video_114_2_11,val,0.3395670652389526,0,0.272713840007782,0,0.3242977559566498,0,0.4247289896011352,0,0.4649664759635925,0,0.5116887092590332,0,0.4855137169361114,0,0.5619065761566162,0,0.344996839761734,1,0.4547909110482979,0.4335605324151471,0.3990910342088895,0.1397096849070937,0.29904774222018,0.324792322603919,0.2584715444782095,0.0732505704365056,0.7194928218699458,0.42022375730549427,0.3853065246929375,0.37665305073321753,0.28221933725411447,0.4068949191533981,0.4462749739297432,0.4060489565758457,0.21984737215253877,0.6071440272374822,,
hate_video_121,hate_video_121_0_66,val,0.7021163105964661,0,0.7291228771209717,0,0.6573000550270081,0,0.4134499430656433,0,0.3593257665634155,0,0.4931738376617431,0,0.5573351383209229,1,0.4154366552829742,0,0.5693260431289673,0,0.4107182523437038,0.4457226834287048,0.4930776786806156,0.1491643494488075,0.2520933082139217,0.3332291013004594,0.6338676709904985,0.0691960858287089,0.129352536276516,0.49813766981953245,0.5307427415363849,0.5423443915845333,0.2813071462572254,0.32179440614109267,0.43719317993529383,0.5841215247552742,0.17306825666498848,0.2613445883322514,,
hate_video_136,hate_video_136_0_87,val,0.710350751876831,1,0.7301253080368042,1,0.6413362622261047,1,0.4104332029819488,1,0.344205230474472,1,0.4970812499523163,1,0.5670549869537354,0,0.4095685184001922,0,0.5681574940681458,0,0.6670074432235298,0.7210496357975285,0.754877812849307,0.1552498531157688,0.3570436213630313,0.4636980614337551,0.2188761407924891,0.0682597915234639,0.1106416702931437,0.6800104358195201,0.7237723374693111,0.7208153476623462,0.2828415280488588,0.3486986672854678,0.48539713397081985,0.4451923907972992,0.17065240958648237,0.2478964174256443,,
hate_video_138,hate_video_138_7_120,val,0.7112779021263123,1,0.7248626351356506,1,0.6436758041381836,1,0.4105210304260254,0,0.3539836406707763,0,0.4819572567939758,0,0.55105060338974,0,0.4114813208580017,0,0.5551273822784424,0,0.6630277052570537,0.7592731156438055,0.7595243286709075,0.1343964396871104,0.3325479864274371,0.4019296683794622,0.1501766639529101,0.0804382174750717,0.1339192431448422,0.6775027643178312,0.748949971491359,0.7247697713110903,0.2724587350565679,0.3464811616856076,0.453947600848896,0.4107447245868495,0.1797511484899507,0.26028168488492226,,
hate_video_152,hate_video_152_52_58,val,0.6901316046714783,0,0.7091747522354126,0,0.6510687470436096,0,0.3982146382331848,0,0.3639407753944397,0,0.487510621547699,0,0.5478548407554626,0,0.4107845425605774,0,0.5730018019676208,0,0.4215908242114808,0.3990083429662782,0.349582384643312,0.1161087331252975,0.3015661910771937,0.3375900487379373,0.1823236423227814,0.1230675238438099,0.0983764071093563,0.50215305834948,0.4920582657470185,0.4400282933634012,0.25716168567924114,0.3421096708834036,0.4350384210642824,0.41991892130402425,0.20938262945884012,0.24076402556683565,,
hate_video_152,hate_video_152_76_82,val,0.6901316046714783,0,0.7091747522354126,0,0.6510687470436096,0,0.3982146382331848,0,0.3639407753944397,0,0.487510621547699,0,0.5478548407554626,0,0.4107845425605774,0,0.5730018019676208,0,0.5339401190757684,0.5840604743496842,0.5373555036984324,0.149597949082382,0.2940452161381474,0.4825187556106765,0.1668083984015133,0.0837915058346246,0.1119865288773364,0.5807975647544814,0.6215947577154027,0.5714694767019856,0.2739062936577834,0.3394773296547374,0.4857634684697411,0.4144885859315804,0.18188941685241042,0.25029111080442173,,
hate_video_167,hate_video_167_6_174,val,0.482797235250473,0,0.4709320068359375,1,0.485926479101181,1,0.4267387390136719,0,0.4748117923736572,0,0.4976737201213836,0,0.5164390802383423,0,0.4945720136165619,0,0.4494779109954834,0,0.5519950340216443,0.7766444869714971,0.7513377471790292,0.1020318868238885,0.2363637303847907,0.3304517570524588,0.1432580161853485,0.0675892801608928,0.0856305606530437,0.531235694390293,0.6849307429308292,0.6717143667556746,0.2643853129187802,0.3913549706775539,0.43914603304725996,0.3858257078197945,0.19568410019759352,0.1947847657557756,,
hate_video_175,hate_video_175_0_16,val,0.5689679384231567,1,0.6087378263473511,0,0.6154244542121887,0,0.4051547050476074,0,0.4372672438621521,0,0.4772108495235443,0,0.5221141576766968,0,0.447161465883255,0,0.5373581647872925,0,0.7298772969715394,0.3011573355498749,0.207048714484379,0.1533434752896263,0.338186092034846,0.277627559748709,0.2079308506991069,0.0727502694858769,0.1601559670330135,0.6816044894070246,0.3934314827891177,0.3295614364027219,0.2792490901686169,0.40258884072259493,0.4073566981023519,0.4121500002345403,0.18507362840509034,0.27331662635929715,,
hate_video_181,hate_video_181_0_23,val,0.7057723999023438,0,0.7267732620239258,0,0.643729031085968,0,0.4077112376689911,0,0.3548552393913269,0,0.4896296262741089,0,0.5476127862930298,1,0.4197939336299896,0,0.5770570635795593,0,0.2523160959249487,0.285129892780051,0.2239569019632911,0.0841399861947708,0.1613046663407261,0.1601352632078768,0.9420776658486458,0.081139282624047,0.1637770866417509,0.3883529871181672,0.4176229035532134,0.3498885407000941,0.24592561193188095,0.28711253882361665,0.3743065992009276,0.6856754941374954,0.1827356779258298,0.2877610797230934,,
hate_video_199,hate_video_199_0_198,val,0.6708876490592957,1,0.6884220242500305,1,0.6528980731964111,1,0.4121497869491577,0,0.3932744860649109,0,0.4991054534912109,1,0.5354744791984558,0,0.4285821318626404,0,0.5837563872337341,0,0.7750410432519121,0.820974599869891,0.8078686527549714,0.2202904889342514,0.3314350395699331,0.4124669113453212,0.1710719639122551,0.0781736196415614,0.1353299870390847,0.7437950249941271,0.7812088271839328,0.7613774788874033,0.31622013794170456,0.37163067979166864,0.4687819637401495,0.40793359884828556,0.18329617330788509,0.26985790709747953,hate_speech,
hate_video_203,hate_video_203_6_100,val,0.3776127994060516,1,0.3486278355121612,1,0.4030510485172272,1,0.4220023453235626,0,0.46541228890419,0,0.5121365189552307,0,0.4896466135978699,0,0.5596684813499451,0,0.3658552765846252,0,0.8126959798709408,0.8675869919851971,0.888152350719111,0.1682731327406381,0.276378719493094,0.3362374198760445,0.1263823633823946,0.0737515934467414,0.1413588376301348,0.6821710257314739,0.7118992450432863,0.7426219600585459,0.2951377390321004,0.39925053961030643,0.4505718342775155,0.3625041260224535,0.21952665981770247,0.20870776931648188,,
hate_video_214,hate_video_214_0_17,val,0.6061674356460571,0,0.650316596031189,0,0.6416387557983398,0,0.3602481186389923,0,0.3850900828838348,0,0.512445330619812,0,0.5243979096412659,0,0.4553024470806122,0,0.5615089535713196,1,0.3961335615475642,0.3150516984218154,0.2588487125616626,0.1386212520528079,0.3905177465654177,0.3835473033333023,0.2171474045336112,0.1015066161258912,0.606882575255912,0.4591437237771121,0.4156311677046275,0.37368572553266577,0.2494346853459001,0.3869897651723888,0.4673310210695336,0.4168602328535867,0.2076453654123075,0.5932704887505343,,
hate_video_222,hate_video_222_0_36,val,0.6997950077056885,0,0.7139603495597839,0,0.6265472769737244,0,0.4115739464759826,0,0.362916499376297,1,0.4768658280372619,0,0.5409238934516907,0,0.4148567318916321,0,0.5724014043807983,0,0.5978461587598647,0.7130933789156464,0.7059810152595277,0.1734049976639958,0.3247922195658196,0.3273898766478537,0.1495247388071294,0.0865702118994962,0.1124812824641253,0.6284308134436118,0.7133534701088876,0.6821508937737867,0.2924894720699892,0.3495730014426299,0.424549245050969,0.4039341893260942,0.18505616789713694,0.2504573190391272,,
hate_video_227,hate_video_227_0_39,val,0.4187531471252441,1,0.3999656438827514,0,0.4748522639274597,1,0.4016759693622589,0,0.4710861146450043,0,0.4935152232646942,0,0.4748459756374359,0,0.5326548218727112,0,0.452747642993927,0,0.5808277100464452,0.5603827755495048,0.6325728884709064,0.2446246065346949,0.2807568268114615,0.4101520483368364,0.1363320217983646,0.0909312607712436,0.0843511607253041,0.5322053411700849,0.5122576360494787,0.5852567011078723,0.3231502879484769,0.4044708639032643,0.464338112039944,0.356366091793761,0.22344832910168388,0.19487010540589098,,
hate_video_231,hate_video_231_0_30,val,0.3802675008773803,0,0.3491029441356659,0,0.3958614468574524,0,0.4401270151138305,0,0.4695345163345337,0,0.5145161747932434,0,0.5032690763473511,1,0.5511717796325684,0,0.3872435092926025,0,0.2651524492854755,0.246663494673677,0.2753682548773929,0.1290415443451715,0.1573369350595984,0.1478228919536454,0.960802095131296,0.0565526893150721,0.0819593946661412,0.2996869647630469,0.27739532951227364,0.3115162124714107,0.284584279729501,0.36026536288830635,0.38617352579938413,0.6634056329217318,0.20493841641032096,0.17354462905407958,,
hate_video_253,hate_video_253_1_23,val,0.6249409317970276,0,0.700599730014801,0,0.6561245322227478,0,0.3885601162910461,0,0.4046486020088196,1,0.516955554485321,1,0.5338743925094604,0,0.4341539442539215,0,0.5832275748252869,0,0.5141946351714798,0.4828456383370491,0.4319086298627122,0.1309312139201165,0.3116403429890857,0.3760112405804144,0.2142846969496078,0.0813494289876787,0.1477435671133921,0.547418524159144,0.5481718658403746,0.4991734005707229,0.2597456651055813,0.3720957113519127,0.4676250446186037,0.42201799906351206,0.18719078356755153,0.2783887694269605,,
hate_video_260,hate_video_260_0_30,val,0.634553849697113,0,0.6864025592803955,0,0.6479469537734985,0,0.3915197849273681,0,0.3796549141407013,0,0.4901835918426513,0,0.5190534591674805,0,0.430773913860321,0,0.5706506967544556,1,0.5871797516878903,0.6404896844538485,0.6426119035735732,0.1196405030034066,0.2725824239996129,0.3368057672130852,0.2261355547948501,0.0671521656719636,0.6033930829783594,0.6013919810906571,0.6542635469018125,0.6442124186335507,0.25558014396538736,0.34217954259132033,0.43650135322230316,0.4165321926370598,0.17623869012847082,0.5935703671111883,,
hate_video_267,hate_video_267_0_29,val,0.6750115752220154,0,0.7005395889282227,0,0.6613268256187439,0,0.3934038281440735,0,0.3549420535564422,0,0.4642385244369507,0,0.5478732585906982,0,0.4199603796005249,0,0.57036292552948,0,0.506491922822882,0.5186346081840205,0.4939468303083112,0.1960351447747734,0.3284302388867554,0.4066642490295504,0.1793647142332265,0.0970924390451935,0.090658956532964,0.557047818542622,0.5732061024072811,0.544160828901441,0.2947194864594235,0.3456629184220518,0.4440875280443606,0.41889526806558314,0.19395282121179291,0.2345701472319188,,
hate_video_278,hate_video_278_0_17,val,0.7214359641075134,1,0.7253570556640625,1,0.6425276398658752,1,0.414856880903244,0,0.3532243967056274,0,0.4856614172458648,0,0.5609353184700012,0,0.4287459254264831,0,0.5783264636993408,0,0.5611072978102466,0.5417742700540703,0.4432115684840118,0.109903382531925,0.3294615696981748,0.4099521579299639,0.1488684716740653,0.0800871520082058,0.1173051705324361,0.6092058976994267,0.596849105737068,0.5030063898985708,0.2623801317175845,0.34490740725301894,0.4591631764852995,0.41671192209142366,0.184684784033689,0.2556115584825075,,
hate_video_304,hate_video_304_27_42,val,0.3565829396247864,0,0.3113646507263183,0,0.390507161617279,0,0.445156067609787,0,0.496862918138504,0,0.5135776996612549,0,0.4906331300735473,0,0.5577475428581238,0,0.3653080463409424,0,0.5140805397640028,0.5124202165305655,0.5045395385460877,0.1312652582730694,0.2866185916074652,0.4152057407854094,0.1655599303667206,0.0935290340738723,0.1277141589776537,0.4668312597222379,0.45210354678929127,0.47032982546744506,0.28821066294142816,0.4232774038526404,0.479147514054709,0.37685751017615793,0.2327945867091477,0.19899232518664028,,
hate_video_316,hate_video_316_0_140,val,0.3485709428787231,0,0.316059410572052,0,0.3744027316570282,1,0.458706259727478,0,0.4904821217060089,0,0.511795163154602,0,0.5173298120498657,0,0.5513690710067749,0,0.3945552408695221,0,0.6808372903995775,0.6982984418719725,0.7818089434916365,0.1506223159963289,0.3382629120905598,0.4819682787684974,0.1686762353126683,0.0748692928097386,0.1802453215647177,0.5811573861433211,0.5836267324819964,0.659587079941254,0.30466428786190347,0.4372053983406017,0.5013557536194655,0.39530106019184663,0.21781922626884948,0.244538297356159,,
hate_video_321,hate_video_321_1_10,val,0.357639342546463,0,0.3101436793804168,0,0.354104071855545,0,0.408547431230545,0,0.4623209238052368,0,0.5004425048828125,0,0.494967371225357,0,0.5766940116882324,0,0.3599567711353302,0,0.419935831388598,0.4715548435151712,0.4435137828791044,0.1327637925230019,0.2762403769156666,0.480587277583024,0.1937052661695185,0.0882740633455206,0.0774073217741342,0.4012468847359575,0.4231314942747449,0.41669086957203655,0.27065561187677345,0.39719273239388725,0.4934931753278865,0.38952563445581356,0.23480004784833414,0.162172156582493,,
hate_video_321,hate_video_321_11_127,val,0.357639342546463,1,0.3101436793804168,1,0.354104071855545,1,0.408547431230545,0,0.4623209238052368,0,0.5004425048828125,0,0.494967371225357,0,0.5766940116882324,0,0.3599567711353302,0,0.6223395498104219,0.6030077862246771,0.5772567577954704,0.1422960519642168,0.3010695442119768,0.4059713799627821,0.1457218787053175,0.0625280522234632,0.0990765134376228,0.5429294876312343,0.5151485541713989,0.5103109520134927,0.27542174159738086,0.4058829409475958,0.46737761116080184,0.3727314488433432,0.21677784006289397,0.17734059074693503,,
hate_video_326,hate_video_326_0_18,val,0.6797614097595215,1,0.7159344553947449,0,0.6391112804412842,0,0.4042489528656006,0,0.3626542687416076,0,0.4747740626335144,0,0.524657130241394,0,0.4190275371074676,0,0.5694071650505066,0,0.9025301392405862,0.331029084475848,0.3409311521917631,0.0884803981481508,0.1501679481282586,0.1745243131707392,0.1885447780089835,0.0644352733145032,0.1100761352759735,0.8356995203962667,0.4465006957515171,0.4303851906666194,0.24636467550687569,0.28828405652693545,0.3696866503215431,0.40701780696005035,0.1708129524523925,0.24787544420833343,hate_speech,
hate_video_326,hate_video_326_20_36,val,0.6797614097595215,1,0.7159344553947449,0,0.6391112804412842,0,0.4042489528656006,0,0.3626542687416076,0,0.4747740626335144,0,0.524657130241394,0,0.4190275371074676,0,0.5694071650505066,0,0.7353479003915196,0.2750766349247348,0.2650605034086805,0.1048896037064074,0.289857635267143,0.2385775497601991,0.2017337178234244,0.0688241571736658,0.1335828639142454,0.7186719532019201,0.4073339810657378,0.3772757365184616,0.254569278286004,0.337175447025545,0.39210528312785403,0.41163393589510466,0.1738851711538063,0.26433015425512374,,
hate_video_332,hate_video_332_2_8,val,0.3684071600437164,1,0.3216500282287597,1,0.3895022273063659,1,0.4452769458293915,0,0.4788614213466644,0,0.5068648457527161,0,0.4839216768741607,0,0.5463850498199463,0,0.3696605265140533,0,0.5596102576283057,0.6035551921488097,0.6021604645867558,0.1984884253843857,0.3537410811975682,0.4793406538788667,0.1897487814385264,0.1029407601358841,0.2556639663989358,0.5022493283529289,0.5189836429727948,0.5383629934026388,0.3218826856068886,0.4350693022944807,0.49723137859686883,0.3809611634716887,0.23597404704110275,0.289862934433471,,
hate_video_332,hate_video_332_17_23,val,0.3684071600437164,0,0.3216500282287597,0,0.3895022273063659,0,0.4452769458293915,0,0.4788614213466644,0,0.5068648457527161,0,0.4839216768741607,0,0.5463850498199463,0,0.3696605265140533,0,0.284364907157786,0.3091601610347987,0.289067339909186,0.126974183949856,0.1438603144175284,0.1860016233150808,0.1200810671721949,0.0590913958831946,0.0675545648320117,0.3095775830235651,0.312907121192987,0.3191978061283399,0.2861255648896237,0.36161103392146676,0.3945627178995437,0.3565774634784727,0.2052794920642201,0.15818635333662417,,
hate_video_332,hate_video_332_29_34,val,0.3684071600437164,0,0.3216500282287597,0,0.3895022273063659,0,0.4452769458293915,0,0.4788614213466644,0,0.5068648457527161,0,0.4839216768741607,0,0.5463850498199463,0,0.3696605265140533,0,0.174365286125178,0.1761791852927743,0.1573567749274059,0.1447736554844714,0.148180181960945,0.1633291697621976,0.113353304427708,0.0922038370214514,0.055126865372866,0.2325778483007395,0.2198204381735699,0.22700041064109389,0.29502530065693144,0.3631229875616626,0.38662735915603463,0.35422274651790225,0.22845820086099988,0.1494869637152222,,
hate_video_332,hate_video_332_72_81,val,0.3684071600437164,0,0.3216500282287597,0,0.3895022273063659,0,0.4452769458293915,0,0.4788614213466644,0,0.5068648457527161,1,0.4839216768741607,0,0.5463850498199463,0,0.3696605265140533,0,0.2863733603482712,0.3520941753112446,0.3208495790227967,0.1085778461596718,0.2844345541136589,0.7137394422405781,0.2616352796049863,0.0599851092342276,0.1227473863509359,0.31098350025690474,0.3429609311864991,0.34144537350786747,0.27692739599453164,0.41081201781511245,0.5792709545234678,0.40612143782994964,0.2059050914099432,0.1968213283998711,,
hate_video_345,hate_video_345_0_40,val,0.4726078510284424,1,0.4927137792110443,1,0.5172497630119324,1,0.415359228849411,0,0.4720867574214935,0,0.5017666220664978,0,0.5150699615478516,0,0.5064769387245178,0,0.4957433342933655,0,0.5118296473355682,0.5571354232215622,0.6711105749478902,0.1347411052240569,0.2371179831348532,0.3816112755428639,0.1605623026851812,0.0951067906564173,0.1037424768529532,0.5000631084434305,0.5378089300184068,0.6249523313671028,0.27505016703673396,0.3898476864211694,0.4597122507832259,0.3909922809459169,0.21851783507684747,0.22134273408507688,,
hate_video_360,hate_video_360_0_23,val,0.7083063721656799,0,0.7277941703796387,1,0.6440227627754211,0,0.4100794792175293,0,0.3550916910171509,0,0.4874840378761291,0,0.5470306873321533,0,0.4185751676559448,0,0.5742982625961304,0,0.3418875569889842,0.7501230350929399,0.334851846560795,0.1044033598500725,0.2470468084661518,0.2584962852861529,0.2140006872529462,0.0603011395837094,0.1463427541309577,0.4518132015419929,0.7434243756789495,0.42760312142518275,0.2572414195338009,0.3172759821243012,0.40733832446963747,0.4304701873044308,0.16778334800538003,0.2747294066705095,,
hate_video_374,hate_video_374_2_6,val,0.6141282916069031,0,0.608788251876831,0,0.637057363986969,0,0.4074265956878662,0,0.415098637342453,0,0.4700498878955841,0,0.5353354215621948,0,0.441251665353775,0,0.5460581183433533,0,0.379835240332646,0.4044350424308685,0.3800638174477666,0.1267460055217005,0.3326396681429491,0.3593904247442941,0.1856130676615505,0.0911204255681875,0.0916016916837213,0.4501231557149231,0.4657410052646572,0.4571618814095273,0.26708630060478333,0.3862379981226266,0.4313190757926326,0.41293259769696933,0.19615979750386375,0.2279386196816109,,
hate_video_374,hate_video_374_44_49,val,0.6141282916069031,1,0.608788251876831,0,0.637057363986969,0,0.4074265956878662,0,0.415098637342453,0,0.4700498878955841,0,0.5353354215621948,0,0.441251665353775,0,0.5460581183433533,0,0.8328561991648712,0.2886431970417155,0.3355529209689373,0.1058838092926925,0.2286560127561826,0.2628786725974565,0.1402197638121882,0.078989701038875,0.1507446943268705,0.7672378268974808,0.38468671349225014,0.42600425387434676,0.25665520249027934,0.34984371873725834,0.39753996254123947,0.39704494134969254,0.187668290333345,0.2693387215318153,hate_speech,
hate_video_374,hate_video_374_98_106,val,0.6141282916069031,0,0.608788251876831,0,0.637057363986969,0,0.4074265956878662,0,0.415098637342453,0,0.4700498878955841,0,0.5353354215621948,0,0.441251665353775,0,0.5460581183433533,0,0.435614741643539,0.4589863969378235,0.5011004708513809,0.1731030264136402,0.2899671675090977,0.3846477571647634,0.1620062755188715,0.1003646347600284,0.1459398735616509,0.48916880663254825,0.5039269534195258,0.5418875387920573,0.2902648110507532,0.37130262290077864,0.4401591421397969,0.40467022044703166,0.2026307439381524,0.2659753469961616,,
hate_video_405,hate_video_405_0_7,val,0.6867799758911133,1,0.7098998427391052,0,0.6556228995323181,0,0.3962049484252929,0,0.3667424023151397,0,0.495543509721756,0,0.5412388443946838,0,0.4120760858058929,0,0.5978102087974548,0,0.7020830096463934,0.3100054357753184,0.2638813060139265,0.1849081245138177,0.264482690067485,0.1983678430945458,0.2178348154707012,0.0733969331115519,0.1083982389339891,0.6974920995198093,0.42997375786445446,0.381403784069444,0.2905565364695553,0.33095150302846055,0.3915320264022324,0.42804743427128994,0.17500067891985419,0.2552218298930288,,
hate_video_421,hate_video_421_0_24,val,0.7091600298881531,1,0.695789635181427,0,0.6210349202156067,0,0.4276597797870636,0,0.3623313903808594,0,0.5079240798950195,0,0.5502269268035889,0,0.4091932475566864,0,0.5612142086029053,0,0.814725793499174,0.2283667215246564,0.2124500106549578,0.0987390667610298,0.1859892409601506,0.1630539827265383,0.2210925949011936,0.073505353565271,0.1240011864830732,0.7830560644158677,0.3685935956216876,0.3350254835231525,0.2631994232740467,0.3006116380836113,0.38721954588605106,0.43502991063775054,0.17421172176269561,0.2551650931190228,hate_speech,
hate_video_422,hate_video_422_0_25,val,0.6373804211616516,0,0.6370057463645935,0,0.6420665979385376,0,0.42059987783432,0,0.4214526116847992,0,0.4980994164943695,0,0.5542715787887573,0,0.4359941780567169,0,0.5431712865829468,0,0.2598272166490222,0.2383978638732659,0.2186723208056546,0.2053406268990357,0.2042505361853088,0.3212967097765009,0.2004349068027473,0.0930017670500837,0.061769636622804,0.373093178002811,0.35798022862066414,0.3456906039455195,0.31297025236667786,0.3454318852599776,0.4362184691431155,0.43042874359365385,0.19589949035207366,0.20619013161084684,,
non_hate_video_87,non_hate_video_87_0_6,val,0.3583822250366211,0,0.2713416814804077,0,0.3157238662242889,0,0.4473347961902618,0,0.4488404989242553,0,0.5116721987724304,0,0.4973582327365875,0,0.5657283067703247,0,0.3252287209033966,0,0.3284276621011547,0.3624651522149198,0.3854186159701125,0.1646971277745099,0.2801418752518022,0.4632264844480721,0.1659404368535312,0.1105682868628211,0.0891220535779835,0.3374140309817946,0.3351281109945662,0.3645101910463654,0.30601596198238584,0.38979598063889676,0.494716198758905,0.38136200417751787,0.24711629283507217,0.15995405377560742,,
non_hate_video_96,non_hate_video_96_0_7,val,0.5822187066078186,0,0.6040168404579163,0,0.6226226687431335,0,0.4134919047355652,0,0.4614133834838867,1,0.4866733849048614,1,0.5383138656616211,0,0.4523769319057464,0,0.5287573337554932,0,0.3321867871290938,0.4183198527589835,0.3674301361013299,0.1814108183713325,0.2859720194238641,0.5145793031804888,0.2141613033282755,0.0984652262783941,0.0956455983436302,0.4071963629727112,0.4740289490686633,0.443987895893871,0.29745136155344887,0.40000890606287876,0.49644045630133105,0.42486046884495016,0.20463873796659976,0.22557911896718907,,
non_hate_video_8,non_hate_video_8_5_9,val,0.345784991979599,0,0.2838396430015564,0,0.3327181339263916,0,0.4354674816131592,0,0.4460335373878479,0,0.5024652481079102,0,0.4851194620132446,1,0.5700737237930298,0,0.3257467150688171,0,0.2615841893219445,0.2494139233054549,0.2142233248749989,0.1984198574975539,0.2099758791781572,0.277037741434397,0.5495274116911573,0.0756848038441683,0.071961044433821,0.2868444301192408,0.25974163921428534,0.2497717675904167,0.3169436695553565,0.36341335701445615,0.4235656207721806,0.507662244400514,0.22400147982882673,0.14809674562431982,,
non_hate_video_76,non_hate_video_76_0_9,val,0.3430783748626709,0,0.2720681726932525,0,0.3148687183856964,0,0.4222236573696136,0,0.4676145315170288,0,0.5091525912284851,1,0.4894834756851196,0,0.5728594660758972,0,0.3332204818725586,0,0.3656636365379005,0.4032703258839262,0.4633638890284907,0.1001480475876164,0.3390018520218736,0.7600793544692064,0.1716803826340704,0.229937684319317,0.1591367355717622,0.35888805803533164,0.3639096799267241,0.4188153378356524,0.261185852478615,0.4226000936937245,0.5969769583627376,0.3782523931172524,0.33281421884629103,0.2113618594620011,,
non_hate_video_77,non_hate_video_77_8_18,val,0.3428292870521545,0,0.2802739441394806,0,0.3320177793502807,0,0.4369820356369018,0,0.4612691700458526,0,0.5133675336837769,0,0.4981624782085418,0,0.5567392110824585,0,0.3422985076904297,0,0.2081480440395337,0.2306463895002148,0.2341669142889141,0.0833068682976923,0.1659499822745112,0.2150025036102926,0.1277110455611823,0.0624108634274812,0.0673091236783746,0.24855241694331992,0.24553465589199452,0.26352217380732407,0.2601444519672971,0.3579074543258831,0.4089397731580574,0.368504476781966,0.21070936772397436,0.14980593888199112,,
non_hate_video_84,non_hate_video_84_0_17,val,0.3525656759738922,0,0.2928126752376556,0,0.3520649969577789,0,0.451596051454544,0,0.4858622550964355,1,0.5145836472511292,0,0.4989491105079651,0,0.5431640148162842,0,0.3534314632415771,0,0.1157691368731746,0.1256052050087963,0.1267106887638331,0.0711833312423032,0.9459801338304876,0.1276746513334654,0.0902183621844181,0.0614804599002411,0.0695600179267248,0.18680809860338987,0.1757674460774541,0.19431698122201682,0.2613896913484236,0.6469035126533538,0.37916549867994687,0.35589334859472366,0.20598552637505402,0.15472145152118047,,
non_hate_video_7,non_hate_video_7_0_19,val,0.353530615568161,0,0.2754315137863159,0,0.3283064663410187,0,0.4361093938350677,0,0.4614591896533966,0,0.5090842247009277,0,0.5024234056472778,0,0.5620648860931396,0,0.336633950471878,0,0.1492271964514311,0.1348725661524512,0.1178227076436472,0.1101669876468794,0.233964652041488,0.3741872724334864,0.1496533829415501,0.0770910046667226,0.0738320739025213,0.21051822218645005,0.1770402504426106,0.18096783525285864,0.27313819074097356,0.3818361014892286,0.4618702914073233,0.37895389770027316,0.2225831690946477,0.1526726368733283,,
non_hate_video_66,non_hate_video_66_0_7,val,0.3528829514980316,0,0.2755888104438782,0,0.3299336731433868,0,0.4469464719295501,0,0.4829623699188232,0,0.5174738764762878,0,0.4963093101978302,0,0.5556761622428894,0,0.3443271517753601,0,0.1650710438356468,0.1567460585149936,0.2015516114986098,0.0853051377544152,0.213831646959102,0.2388255316514167,0.099848371402036,0.0546383720289231,0.0730018025121115,0.22141461613436225,0.19239888409365896,0.2400662299920429,0.26612580484198267,0.3887666168829208,0.41994695578758295,0.35754798161930224,0.20494970909311297,0.1543994072910861,,
non_hate_video_68,non_hate_video_68_0_15,val,0.3550824820995331,0,0.2889784574508667,0,0.3449105620384216,0,0.4569739103317261,0,0.4892805814743042,0,0.5142574310302734,0,0.5010157227516174,0,0.5405794978141785,0,0.3445701897144317,0,0.2452541541257882,0.271302614463785,0.2191972843111118,0.0929236955588668,0.1759626128705396,0.3652960808493641,0.143978125758088,0.0877170209301564,0.0572630330109813,0.27820265251791165,0.2766053673599095,0.2569112676293047,0.27494880294529644,0.3796192924629866,0.46212095846695517,0.3760525638038822,0.223575763995363,0.1434551800220164,,
non_hate_video_69,non_hate_video_69_0_11,val,0.3621111810207367,0,0.3006942570209503,0,0.3493935465812683,0,0.4574915468692779,0,0.4783723950386047,1,0.5136651396751404,1,0.5069264769554138,0,0.5667955875396729,0,0.3434431254863739,0,0.3060425150935182,0.3032057513067114,0.3066069379585163,0.1392222135373133,0.2369357028927361,0.3371369895135758,0.1332516851405715,0.1129730793148399,0.085815512622149,0.32286311487168373,0.302452303020983,0.3194429205453419,0.2983568802032956,0.3938695527875507,0.4518802871185928,0.376140299820219,0.2491198317822898,0.16310379648141646,,
non_hate_video_56,non_hate_video_56_0_7,val,0.3668749928474426,0,0.2997738122940063,0,0.3551902174949646,0,0.4523133039474487,0,0.492457240819931,1,0.5248050093650818,1,0.5122663974761963,0,0.5494275093078613,0,0.3621873557567596,0,0.3861980413651399,0.3521336026664757,0.4087442994362865,0.1688067965411388,0.4491743749610254,0.5773398099783658,0.1388625924686366,0.1555821370188676,0.0990896968425662,0.3804011268098307,0.33642566555473485,0.39267807485388995,0.31056005024429373,0.477308237769314,0.5431921895797311,0.38157506572355043,0.2737357487055657,0.1780189945168242,,
non_hate_video_55,non_hate_video_55_1_10,val,0.4655958116054535,0,0.4844453930854797,0,0.5465683937072754,0,0.4198251068592071,0,0.4783551394939422,0,0.487577885389328,0,0.4919664859771728,0,0.488688975572586,0,0.4664613604545593,0,0.3822605854861642,0.4260755141968767,0.428857924148705,0.1210847320022043,0.2375753837067767,0.3487850868905547,0.1384839120644815,0.071472078521372,0.0841036655940303,0.407261153321951,0.4435864778634576,0.4641710650162761,0.2704549194307057,0.3940822249684343,0.4390004059147573,0.3682475851077308,0.19663714763673618,0.198810974052189,,
non_hate_video_50,non_hate_video_50_1_8,val,0.3569845855236053,0,0.289857417345047,0,0.3522102832794189,0,0.4658189415931701,0,0.4888681471347809,0,0.5114079117774963,0,0.4991994798183441,0,0.5399159789085388,0,0.3470752239227295,0,0.2070805390448858,0.2054378964538097,0.1957138555294726,0.097492581442796,0.1518575231498958,0.2320504820912748,0.1171702244160878,0.0876241842692781,0.1197179055838854,0.25205175298850163,0.23076375272118088,0.2426627838544565,0.28165576151798305,0.37091442874007113,0.41363281138731883,0.36548924042755443,0.2233117226610563,0.18792510108553862,,
non_hate_video_47,non_hate_video_47_0_6,val,0.3467225432395935,0,0.288113534450531,0,0.3273024260997772,0,0.4360262453556061,0,0.4657179117202759,0,0.5123673677444458,0,0.5103046894073486,0,0.5618696212768555,0,0.3531020879745483,0,0.147180097591085,0.1355218488085144,0.158201095770075,0.1386110528239035,0.1271735508833483,0.2008506456418151,0.091908029506178,0.0612409995003736,0.0661131850303473,0.20704283128563755,0.18129935450111936,0.20893149486898566,0.2873186490897548,0.3472273854273512,0.4033365150085251,0.3638658584419389,0.21142958603331816,0.15220985591360758,,
non_hate_video_47,non_hate_video_47_9_24,val,0.3430524170398712,0,0.2860251069068908,0,0.3260918855667114,0,0.4319783449172973,0,0.4742890298366546,1,0.5105851888656616,0,0.5009913444519043,0,0.5626910924911499,0,0.3531584441661834,0,0.1138927618534246,0.1084957144023033,0.0999484613909579,0.1801369347797289,0.9243425575193432,0.2221536121261089,0.0903249753977762,0.0666386880981525,0.0829621858863993,0.18264065840935856,0.16175453215367955,0.16779148864368393,0.3060576398485131,0.6318077645255956,0.40963413700681817,0.3572581152829595,0.2154544094160517,0.1640210633703345,,
non_hate_video_47,non_hate_video_47_26_39,val,0.3434589803218841,0,0.2893033921718597,0,0.3282278180122375,0,0.4296886920928955,0,0.4771326184272766,1,0.5096315145492554,0,0.5020639896392822,0,0.5632030963897705,0,0.3558918833732605,0,0.1623222327569974,0.1612080436957182,0.1586360636094912,0.1458349138050191,0.9496506499659336,0.2014155646640866,0.1111349512725229,0.0766105359147196,0.0858462674085365,0.21666325702646339,0.19963664823856064,0.20951358993031508,0.2877618029489573,0.6425139294658065,0.4017559320894463,0.36523882621091647,0.22258830405723487,0.1668599521979537,,
non_hate_video_44,non_hate_video_44_0_9,val,0.3591003715991974,1,0.3021261990070343,0,0.3586628139019012,0,0.438724547624588,0,0.5043752789497375,0,0.5165284872055054,0,0.5097719430923462,0,0.5568475723266602,0,0.3733700513839721,0,0.9127048059046716,0.2314913270547599,0.2093776845275581,0.1038262739941213,0.1849179195907124,0.1664939867791665,0.1461299205385764,0.0734403392817369,0.1173973615707436,0.7466234756130293,0.2526817886404422,0.254163223339861,0.27127541080935463,0.3925652031740787,0.39401641205628674,0.3824972351985268,0.21846250919521387,0.19418916851471213,hate_speech,
non_hate_video_44,non_hate_video_44_35_45,val,0.366071343421936,0,0.3027193546295166,0,0.364206999540329,0,0.4297351539134979,0,0.4956079125404358,1,0.5131546258926392,0,0.4976565241813659,0,0.5550543665885925,0,0.3654083013534546,0,0.1493838404109583,0.1552404901511066,0.1489078042786542,0.078151257226546,0.8939156076157798,0.1844525651275299,0.1437727651868322,0.0544685708358342,0.1235119456180306,0.2143900913142516,0.19948414949462961,0.2134975628571566,0.253943205570022,0.6350156058168062,0.39810890462485093,0.37379720853327913,0.20464430956166169,0.1960808523386578,,
non_hate_video_31,non_hate_video_31_3_7,val,0.3687402009963989,0,0.344108521938324,0,0.3921028673648834,0,0.4444330334663391,0,0.5132611989974976,0,0.5179605484008789,1,0.506515622138977,0,0.5793053507804871,0,0.3835386633872986,0,0.3360510055606561,0.3589328355001827,0.3641922000140507,0.1637699385961314,0.2570082509762752,0.433100458141117,0.1860363325367595,0.096240021838802,0.0802855459676727,0.3458577641913789,0.35448554143162503,0.3725654002193005,0.30410148603123527,0.42357266719006975,0.48825951680996227,0.3943478707782009,0.24115962052130752,0.17126148119356044,,
non_hate_video_27,non_hate_video_27_2_6,val,0.3629723787307739,0,0.2887686491012573,0,0.3543109595775604,0,0.4486810863018036,0,0.4796990752220154,1,0.5238993167877197,0,0.5021504759788513,0,0.5674625635147095,0,0.3442955315113067,0,0.0972867674520886,0.0914778595090004,0.0920645820830289,0.0872225490613992,0.9183946990739468,0.2165191623994978,0.1126933479377964,0.0734167762951951,0.0554602655962973,0.1769924508356942,0.15066509638667747,0.17073849533138835,0.26795181768160137,0.6332425435701914,0.416316262751842,0.3658404811644821,0.22163051246104942,0.1421108453708001,,
non_hate_video_19,non_hate_video_19_0_13,val,0.3480253219604492,0,0.2848663330078125,0,0.3389446139335632,0,0.4378879070281982,0,0.4608207643032074,1,0.5083659291267395,0,0.4900144338607788,0,0.5739604830741882,0,0.323899894952774,0,0.13220965348835,0.1168123758157008,0.1166556150241646,0.0947770496938448,0.9328037743233436,0.2016147250722323,0.1151765949714333,0.0828048124079901,0.0674017548520417,0.19695435402997977,0.1672285629733343,0.18334231469698417,0.2663324783610215,0.626014817810255,0.40100300770766195,0.35882119024950787,0.23015151360784952,0.1443511968822614,,
non_hate_video_19,non_hate_video_19_58_66,val,0.3548853397369385,0,0.2727912962436676,0,0.3280150294303894,0,0.4401806890964508,0,0.4670715034008026,1,0.5171326398849487,0,0.4960477650165558,0,0.5787196755409241,0,0.3269106447696686,0,0.1498811276209312,0.1385726177591742,0.1369662020978047,0.0830486919453943,0.9463104088558444,0.1653481823856837,0.1010862381638504,0.0946569019344573,0.0784641455053663,0.21138239125573338,0.1788382213045222,0.19428085029758008,0.26161469052092257,0.6348051203100672,0.39400807976020596,0.35781123061810893,0.23987573401639734,0.15299809528465697,,
non_hate_video_16,non_hate_video_16_73_81,val,0.7005331516265869,0,0.7326273918151855,0,0.6513333320617676,0,0.4011995792388916,0,0.3665288388729095,1,0.4807180166244507,0,0.5381761193275452,0,0.4090728759765625,0,0.5718823075294495,0,0.1251302546702784,0.1270207954133256,0.1175588710033577,0.0897804374200326,0.966113196455542,0.1482284936060351,0.0890569823305293,0.0541052567822155,0.1151360983026424,0.29775112375717094,0.30870277433388355,0.27769120932088065,0.2454900083294621,0.5763833640268308,0.3643466835680052,0.3809844213785896,0.1605955425405196,0.2521599610706845,,
non_hate_video_16,non_hate_video_16_0_6,val,0.7035945057868958,0,0.7296392321586609,1,0.6334472894668579,0,0.4158589243888855,0,0.3541769087314605,0,0.484010249376297,0,0.5579138994216919,0,0.4128503799438476,0,0.5658254623413086,0,0.4086798179769542,0.4365999159947938,0.4969781076959936,0.1467027822283036,0.2565529074885377,0.4261069487791978,0.1676086835615401,0.1148144400667518,0.1001289993160633,0.4971542243199366,0.5245117108439539,0.5379188622272528,0.28128085330859454,0.32000850829643757,0.46374409416731227,0.42130707387063876,0.20422522202988053,0.23983793822363686,,
non_hate_video_139,non_hate_video_139_2_6,val,0.4762089252471924,0,0.5345757603645325,0,0.5327606201171875,0,0.4375851452350616,0,0.4673048555850982,0,0.4808869957923889,0,0.5007035732269287,0,0.4766361117362976,0,0.4873850345611572,0,0.1347383438628453,0.1334180450293469,0.1290069412272693,0.0842697366573501,0.0983548527737786,0.1192769768821758,0.1123082274989442,0.0514010668322278,0.0504189212697105,0.23717951827814943,0.25376535962990254,0.25013304489424476,0.26092744094620585,0.33817235460113637,0.35432348917381434,0.3647652022221341,0.17897158030344876,0.1815087552571445,,
non_hate_video_139,non_hate_video_139_70_75,val,0.4477392435073852,0,0.4669899642467499,0,0.5325355529785156,0,0.4065268337726593,0,0.4521490931510925,0,0.5041841864585876,0,0.4940843880176544,0,0.5265385508537292,0,0.4561396539211273,0,0.1611813211770524,0.1441795198073949,0.1548724430953796,0.0763673923068059,0.1405635428489415,0.2192577982380902,0.0915100107065772,0.0874101764701724,0.0645104120217036,0.2471486978761522,0.24102265313920138,0.2681713760603204,0.2414471130397326,0.3430941505453396,0.40445995058141354,0.3531833559587774,0.21914868878523944,0.1819991845915307,,
non_hate_video_148,non_hate_video_148_0_2,val,0.3578986227512359,0,0.2894287109375,0,0.3140988349914551,0,0.4447251260280609,0,0.4864052832126617,0,0.5160215497016907,0,0.5023916363716125,0,0.5756037831306458,0,0.3422761559486389,0,0.2129691564160347,0.2275911322112049,0.2699094742549402,0.1225042488138317,0.2084538912262635,0.3395437535320658,0.1208715827353549,0.1211361751252272,0.0751385371607238,0.25644799631659504,0.2461424058290934,0.28316628247589465,0.2836146874209463,0.3891222960174223,0.45425432104232194,0.3688596175989224,0.2574764575268528,0.15527982279709834,,
non_hate_video_148,non_hate_video_148_125_131,val,0.3528001010417938,0,0.2761758267879486,0,0.3260343372821808,0,0.4350908100605011,0,0.4641305804252624,1,0.4998809397220611,0,0.494698017835617,0,0.5597132444381714,0,0.3361672759056091,0,0.225170367812549,0.2239955775853506,0.2242990275471764,0.121008823820673,0.7791245785989785,0.2130971103004335,0.1297197976330424,0.0746794970944322,0.0855722262881606,0.26345928778132244,0.23964965234613,0.2548196204676777,0.27804981694058706,0.574378479786063,0.3995065994244914,0.3669556407647159,0.22018962129755396,0.16075074117339513,,
non_hate_video_156,non_hate_video_156_3_8,val,0.3469328880310058,0,0.3069961667060852,0,0.3402635157108307,0,0.4503310322761535,0,0.4854580461978912,0,0.5205731987953186,0,0.5028933882713318,0,0.5566411018371582,0,0.3517519831657409,0,0.2257451170932736,0.2184258023443235,0.2653053050634967,0.0759674376303781,0.1238389568884206,0.1483378218375544,0.1202822320684163,0.0526641413719807,0.0583536346138427,0.26210144837459326,0.24499691165285198,0.2877927682576969,0.2631492349532658,0.3588913649395765,0.39029081686010114,0.3689794836003114,0.20385722951153395,0.14637313917941217,,
non_hate_video_165,non_hate_video_165_0_4,val,0.5358617305755615,0,0.5902547240257263,0,0.5617770552635193,0,0.4149850010871887,0,0.4364517629146576,0,0.468220055103302,0,0.4966562688350677,0,0.4553025066852569,0,0.5154352784156799,0,0.3120296917863421,0.4084902711667289,0.441632602592891,0.1067461742118041,0.1822938577048223,0.276032124434067,0.1088927602712848,0.0939749548673864,0.0864040307549696,0.3791793034231079,0.4630196070244281,0.47767593839407946,0.2608655876494964,0.34749649609121525,0.4009542793690698,0.3609390408377437,0.20237322041274755,0.21511340505318266,,
non_hate_video_165,non_hate_video_165_11_15,val,0.3821603655815124,0,0.3414991199970245,0,0.408277153968811,0,0.4230240881443023,0,0.4640056490898132,0,0.5114051103591919,0,0.4992595613002777,0,0.5282332301139832,0,0.3902035355567932,0,0.2041059833747953,0.2287722334430938,0.2586049372526571,0.2019779021045277,0.1657554673318278,0.3824491690001274,0.1048489146081713,0.1059795472036156,0.0660604456654639,0.25752229803681037,0.26259029940927303,0.30350660226750326,0.312500995124415,0.3596180854745183,0.46627053088351933,0.3612158349580405,0.23265565207672584,0.16330337263286268,,
non_hate_video_165,non_hate_video_165_120_124,val,0.6121354103088379,0,0.660923421382904,0,0.6120784282684326,0,0.4016243815422058,0,0.4213490188121795,0,0.4740940630435943,0,0.5120475888252258,0,0.4272359013557434,0,0.5557698011398315,0,0.2049098094018135,0.2303511383789261,0.3108581500878281,0.1117428738320064,0.1471680145063878,0.362549000905058,0.074422308557121,0.1100172990198727,0.069433825264975,0.3270774896739208,0.3595228232801195,0.4012242335420094,0.2566836276871061,0.3253856673051524,0.4350532912951066,0.35887874073138915,0.20518287972063387,0.21533461802743198,,
non_hate_video_165,non_hate_video_165_240_244,val,0.3930812180042267,0,0.3718958497047424,0,0.4253100454807281,0,0.4482163786888122,0,0.4844580292701721,0,0.5152868032455444,0,0.4933463037014007,0,0.5098007321357727,0,0.4089711606502533,0,0.2280561015989192,0.2076515680769974,0.2244090447933613,0.0945638991548762,0.1644477060432127,0.28563889748999,0.1476202707546261,0.1178037783507141,0.0813138031148767,0.2775636365205114,0.2569248525653209,0.28467934499957137,0.2713901389218442,0.3724544161407363,0.43491003623110036,0.3723421921700296,0.23540286448623168,0.17961101037548965,,
non_hate_video_176,non_hate_video_176_0_8,val,0.3494332134723663,0,0.2796967029571533,0,0.3272404670715332,0,0.4422142505645752,0,0.4746838808059692,0,0.515896737575531,0,0.506197452545166,0,0.5515598654747009,0,0.3377785086631775,0,0.1944821101073053,0.1716920321471194,0.2157940717271053,0.1578069493926172,0.2864890877108851,0.3973601021248886,0.0712293735252281,0.0937589483767181,0.0819646830805697,0.24096744111682358,0.20409343339012956,0.24922799033043364,0.3000105999785962,0.4088157032226898,0.47440891516780614,0.3539586248881878,0.23109922350611292,0.15870883075535203,,
non_hate_video_176,non_hate_video_176_10_18,val,0.5210022330284119,0,0.5060457587242126,0,0.5731462240219116,0,0.4118319451808929,0,0.4703904390335083,0,0.4992106556892395,0,0.5369843244552612,0,0.4815234839916229,0,0.5004839301109314,0,0.2755536858870204,0.2559870525358788,0.2693849236604089,0.1727366888380856,0.3079185257861382,0.392000637132387,0.1369666704278051,0.1014804860628723,0.081293579893878,0.3491882500294378,0.3310046643923789,0.3605133137688597,0.29228431700948926,0.41352526939692874,0.4616871491943411,0.3969781455456516,0.2154933854414975,0.20705068495899404,,
non_hate_video_180,non_hate_video_180_0_6,val,0.3520261347293854,0,0.2735209763050079,0,0.313458114862442,0,0.4463468194007873,0,0.467726469039917,0,0.5115821957588196,0,0.4938002228736877,0,0.5649920105934143,0,0.3241430521011352,0,0.1285551159870902,0.107417417678626,0.1213605255745478,0.1117428714178187,0.1256302689006952,0.1708220302725372,0.1068855838307683,0.0800442080372545,0.0724310903160014,0.19559642160977875,0.15724848526654056,0.17898980236091605,0.279044845409303,0.3479927989911894,0.39231613783862074,0.35838009920866587,0.22552854880410245,0.14794467885154153,,
non_hate_video_184,non_hate_video_184_0_4,val,0.3425404131412506,0,0.2698493301868438,0,0.3220864236354828,0,0.4385865330696106,0,0.475918173789978,1,0.509832501411438,0,0.4954374432563782,0,0.5585079193115234,0,0.3313381671905517,0,0.113329108795751,0.1009913861612565,0.1024525167384606,0.0872411233591093,0.9561430981274472,0.211056819618443,0.0958542891014189,0.0604636964200571,0.0810611315697116,0.18209250009940087,0.15164876936893268,0.16834268880756725,0.26291382821435993,0.6439968973080923,0.4052610127838897,0.3555833393021425,0.209876963287497,0.15614424225596363,,
non_hate_video_218,non_hate_video_218_0_7,val,0.3533536791801452,0,0.2854720950126648,0,0.3421611487865448,0,0.4452397525310516,0,0.459797590970993,0,0.5126641392707825,0,0.4948280453681946,0,0.5578504800796509,0,0.3447556793689728,0,0.1044112248519261,0.0883190454414598,0.0968816809542561,0.1346125531384795,0.1299952642114997,0.1555157937355228,0.0760328017043899,0.1015132455423989,0.0564007597299406,0.17909396115039183,0.14746496031282127,0.1704655213039427,0.2899261528347655,0.34436677660517034,0.38766221833344156,0.3482497100858629,0.23841441590357448,0.14290723562165025,,
non_hate_video_261,non_hate_video_261_0_4,val,0.4128586053848266,0,0.4051588475704193,0,0.466315895318985,0,0.4392992854118347,0,0.504260241985321,0,0.4948194622993469,0,0.4998506605625152,0,0.5369465947151184,0,0.4290462732315063,0,0.2412225640377253,0.2432876017397565,0.2826686841504909,0.219558663391412,0.2208949574739048,0.4084777308891283,0.131229360158889,0.1422912943787999,0.0681479241844151,0.2927133764418557,0.29184897548895533,0.33776284750103913,0.32942897440162333,0.4050823924063254,0.4645998563057704,0.3708332054212461,0.26068788447969543,0.17641742889854245,,
non_hate_video_261,non_hate_video_261_5_14,val,0.349945604801178,0,0.2812800705432892,0,0.3239889740943908,0,0.4442170858383178,0,0.4828224778175354,0,0.5270124077796936,0,0.4971820116043091,0,0.5684803128242493,0,0.3434288501739502,0,0.2313848079091677,0.2383527988590644,0.2779038176121077,0.2574646290417964,0.245989056021805,0.4214278428977929,0.1414229511211614,0.1504076545601918,0.0637433231716488,0.2669530469767708,0.25123098036433184,0.2917293645567926,0.3508408574400571,0.3999307801890297,0.49005781007102833,0.3726663404352074,0.27582945203940906,0.14764898127233922,,
non_hate_video_270,non_hate_video_270_4_12,val,0.3572443425655365,1,0.2784462869167328,0,0.3506335616111755,0,0.4415206611156463,0,0.4812064170837402,0,0.5292199850082397,0,0.5042837858200073,0,0.5672636032104492,0,0.3479605913162231,0,0.8286543544360456,0.143374674814378,0.154456323426397,0.1129757948106908,0.2225462923895543,0.2351522470494575,0.120870139675535,0.1262891396564525,0.0945648302106786,0.6872313508748928,0.18389615844508445,0.21330949488183054,0.27724822796316856,0.39067537344077513,0.42629627672266596,0.370089009669442,0.25858147872265147,0.17058355854234195,,
non_hate_video_299,non_hate_video_299_0_9,val,0.5927960872650146,1,0.6160069108009338,0,0.6007596254348755,0,0.3769047558307647,0,0.4139009714126587,0,0.493794709444046,0,0.4925801157951355,0,0.4647581279277801,0,0.5247724056243896,0,0.8549403028980407,0.1999689883465342,0.1786588655127922,0.1178012187233699,0.1945436800547608,0.183290355267247,0.1675543390546486,0.089416272899734,0.089715550115665,0.7762970382081329,0.3247803650828541,0.30528909348941713,0.2473529872770673,0.33712591943739445,0.38511818548216636,0.3788210939359651,0.2020188294081478,0.22023260676828238,hate_speech,
non_hate_video_357,non_hate_video_357_0_5,val,0.3624904155731201,0,0.2879277765750885,0,0.340984433889389,0,0.4494315385818481,0,0.4807657301425934,0,0.5156756043434143,1,0.502429187297821,0,0.5631961226463318,0,0.3375277519226074,0,0.1850081012843146,0.1565039791945402,0.1788062500611346,0.1284496438421981,0.20799195301581,0.4059778579003128,0.0968221616207516,0.1537362857938164,0.0597455350986383,0.23825279557095624,0.1959311184087047,0.2274597052096109,0.2889405912120231,0.3852949081482192,0.4772813930883288,0.36046672831084675,0.276574236849571,0.14308020014582903,,
non_hate_video_357,non_hate_video_357_7_13,val,0.3533301651477813,0,0.2725333571434021,0,0.3136297166347503,0,0.4368429481983185,0,0.4683919847011566,1,0.5095704793930054,0,0.4866357743740082,0,0.5699334740638733,0,0.3216786384582519,0,0.1035667151709845,0.0892312816970287,0.0902736507734079,0.1218334935943105,0.8798534881945326,0.2157173403785781,0.0919823554393642,0.0976204888578654,0.0686299087986934,0.17849575016402353,0.14422190433094073,0.1572804705318106,0.2793382208963145,0.6124035109238382,0.40672188073795584,0.34850707774688283,0.23931438441966776,0.14454452769656095,,
non_hate_video_360,non_hate_video_360_1_16,val,0.3494748771190643,0,0.2827791571617126,0,0.3292752504348755,0,0.4296152889728546,0,0.4604149758815765,0,0.5106076002120972,0,0.4820874035358429,0,0.5678755044937134,0,0.3341323137283325,0,0.26202478106662,0.2724521576642666,0.329921448275414,0.1035963650251307,0.1849653134951045,0.2836823156066128,0.1107688444722284,0.0875084875974804,0.0848255626799882,0.2882598098823533,0.2755502575135004,0.3297275889232524,0.26660582699899266,0.36400759404631133,0.43118375060017766,0.3521259078635778,0.2316185926663503,0.1596175879944915,,
non_hate_video_360,non_hate_video_360_34_45,val,0.648287296295166,0,0.6882725358009338,0,0.6361239552497864,0,0.4002288579940796,0,0.3976044356822967,0,0.4956847727298736,0,0.5435227751731873,0,0.4250687658786773,0,0.570853054523468,0,0.2133151941874461,0.2013587493973963,0.259675026127474,0.1133374278290835,0.2308703426430716,0.3634743067347463,0.0932015198035005,0.1341753433322466,0.1000257459252361,0.34380682481976205,0.34743288531845756,0.37260970486416767,0.25678314291158155,0.3392475031185679,0.44941110963157904,0.3859103357937969,0.2214433700961758,0.2412739385047057,,
non_hate_video_360,non_hate_video_360_63_70,val,0.3986504971981048,0,0.3726246356964111,0,0.4185765981674194,0,0.4222786724567413,0,0.4743081331253052,0,0.5063148736953735,0,0.4935500621795654,0,0.5483988523483276,0,0.3991174101829529,0,0.2314203000486887,0.2315968989882058,0.2582643879592143,0.0973648693546833,0.2310238174113629,0.3148086639629006,0.1467964744484472,0.1007717055163338,0.1116355645942061,0.2815893591935135,0.27390522000066736,0.3063580510216758,0.2598217709057123,0.3891586226254254,0.43928770028900804,0.372186306473674,0.23505984956593193,0.19788011827083013,,
non_hate_video_360,non_hate_video_360_94_100,val,0.3484519720077514,0,0.2865247130393982,0,0.3391757607460022,0,0.4454694390296936,0,0.4633212983608246,0,0.5117454528808594,0,0.5067886710166931,0,0.5534501671791077,0,0.3410185575485229,0,0.1733992129620776,0.1673827503805167,0.1915797359735285,0.1056407228141679,0.2128178439349125,0.3293600859163534,0.1086426422206468,0.1634457050656947,0.0631883414526214,0.22591504067577972,0.20312533917818112,0.2358585434052706,0.27555508092193076,0.3756450893117554,0.4479105744432823,0.3674375609380769,0.28044704369971857,0.14653740628139184,,
non_hate_video_360,non_hate_video_360_112_118,val,0.3519375622272491,0,0.2821030616760254,0,0.3532073497772217,0,0.4523788690567016,0,0.4902985990047455,0,0.5091744661331177,0,0.5135455131530762,0,0.5690823793411255,0,0.3248333632946014,0,0.1890231100890476,0.1737360658102368,0.2146099253203023,0.1018144705534361,0.2318607998385867,0.3335903044298096,0.11030756163124,0.1642531347752641,0.0708948189023001,0.23789744573050803,0.20624616456997336,0.2561891526573781,0.27709666980506886,0.3998453692965899,0.44772000953695984,0.37241223012043356,0.2857019081450225,0.14707638221999048,,
non_hate_video_360,non_hate_video_360_325_329,val,0.3672842681407928,0,0.2912245094776153,0,0.3289755284786224,0,0.4368421733379364,0,0.4565699994564056,0,0.5115867257118225,0,0.5010266304016113,0,0.5676699280738831,0,0.3362526893615722,0,0.2014977983525133,0.2052699540838934,0.2517880190606054,0.1388825030473331,0.2352415260913877,0.3525956446935859,0.1107381880965298,0.1766251374402985,0.0695358810868494,0.2512337392889971,0.23105632070200996,0.27494427188601045,0.28786233819263474,0.37910503377864935,0.4559398473554397,0.3644256755948328,0.29393857463037387,0.14955092356926625,,
non_hate_video_360,non_hate_video_360_405_411,val,0.3570548593997955,0,0.2804408073425293,0,0.3351414799690246,0,0.4355786144733429,0,0.4629616141319275,1,0.5074464082717896,0,0.5008876323699951,0,0.5548754930496216,0,0.3384653031826019,0,0.2413313618615556,0.2486418558672293,0.2775209600178366,0.1140385420121179,0.210171642965802,0.339352295783454,0.1035079358404324,0.1300225666970216,0.0738425867852083,0.2760484111230276,0.2581815413098193,0.294807116003193,0.2748085782427304,0.37448512422378355,0.4486134689008721,0.3618047385846482,0.25747844460280156,0.15322940170442637,,
non_hate_video_360,non_hate_video_360_437_442,val,0.3520351350307464,0,0.2839850783348083,0,0.3279803991317749,0,0.4357536435127258,0,0.4639875888824463,0,0.5119374394416809,0,0.4876877665519714,0,0.5663353800773621,0,0.3459515869617462,0,0.2787797904924016,0.3293480659705898,0.3251967334347791,0.1170490606084281,0.1919083610205375,0.3036434583776944,0.1025189584784581,0.0761119786178205,0.1052090857605874,0.300756393853905,0.3157391696798553,0.32603183314387785,0.2764013520605769,0.3687598591307782,0.4390345460692856,0.3528786837262417,0.22317899905568295,0.17743183612093505,,
non_hate_video_364,non_hate_video_364_1_8,val,0.7121096849441528,0,0.7275482416152954,0,0.6463525891304016,0,0.4065180718898773,0,0.3500935137271881,0,0.4864331483840942,0,0.5654644966125488,0,0.4110815823078155,0,0.5613051652908325,0,0.148392930111527,0.1385164317216896,0.1285489634988564,0.1229159758424014,0.1668184063334787,0.1880217792873087,0.1113479789975803,0.074777454131974,0.0632801226670704,0.3175079565613147,0.3152259746897713,0.28389005118831995,0.2647170238661394,0.28594722613938983,0.3819891692002193,0.40652371544730986,0.17566869258472645,0.21268763545419903,,
non_hate_video_364,non_hate_video_364_183_188,val,0.7076802253723145,0,0.7163057327270508,0,0.6430158019065857,0,0.4053778648376465,0,0.3701298236846924,0,0.4826224148273468,0,0.554643988609314,0,0.4111263453960418,0,0.5612621903419495,0,0.0917349448863144,0.0873750064852332,0.09512739736412,0.0849968210430767,0.0814001992369054,0.1158905363043323,0.0717696124486324,0.0688143693472646,0.0483799005963995,0.2765185290321144,0.2760542243577785,0.2594939187268597,0.2451873429403616,0.26907445512796696,0.35426625734429174,0.3856379569530754,0.17150796216189776,0.2022445875200645,,
non_hate_video_364,non_hate_video_364_337_342,val,0.3335527777671814,0,0.2848250567913055,0,0.3389786779880523,0,0.4515929520130157,0,0.5120571255683899,0,0.5041192173957825,0,0.507546067237854,0,0.544105589389801,0,0.3638369143009186,0,0.0969608149185323,0.092739238311778,0.0998963924454689,0.0862932384484689,0.0855501625884337,0.1205428590241753,0.0750559555517889,0.0693274165189131,0.0496368784446529,0.16793840377312702,0.15036498385563624,0.1716210781082439,0.2689430952307423,0.3627796885254052,0.36986749196571994,0.3561745281477312,0.2117608683801795,0.1438968892015326,,
non_hate_video_364,non_hate_video_364_453_459,val,0.6942670941352844,0,0.6990644931793213,0,0.6489620208740234,0,0.4085249900817871,0,0.3720369338989258,0,0.5029152631759644,0,0.5722370147705078,0,0.4155073463916778,0,0.5596799850463867,0,0.1028693458067296,0.1092733831699776,0.0962869098375097,0.0859693195480316,0.0790662274301252,0.1007291115516097,0.0574467578669719,0.0502642084438233,0.0471902366748668,0.28028867030529603,0.2862107161727807,0.26208944314846383,0.24724715481490936,0.26949718663484556,0.36215011010744025,0.3920604248542703,0.15983714982817965,0.20093716118632277,,
non_hate_video_364,non_hate_video_364_478_483,val,0.4601812064647674,0,0.5092601776123047,0,0.5214884281158447,0,0.4200240671634674,0,0.4610150754451751,0,0.4728414416313171,0,0.499862939119339,0,0.501389741897583,0,0.4890021681785583,0,0.1003664213579469,0.1001066230460146,0.0889268471920592,0.09543384939657,0.0876010171832707,0.0945340923254117,0.0641070724930802,0.0506308819353865,0.0490470045813124,0.20831085688999304,0.2228526894159016,0.21869532146919485,0.2577289582800187,0.3303201550535086,0.3404338693742502,0.34734838580014843,0.18585853992404544,0.18103355366048615,,
non_hate_video_364,non_hate_video_364_484_488,val,0.7046486735343933,0,0.7155433297157288,0,0.6578513979911804,0,0.4137138724327087,0,0.3500618040561676,0,0.4930419623851776,0,0.5587707161903381,0,0.4136578738689422,0,0.5628798007965088,0,0.1556672454404189,0.1580945608117884,0.1388097873149349,0.1082443448193791,0.110878653072946,0.156395379976204,0.0710313225543324,0.0535925680200922,0.0473616054355396,0.3203616738686112,0.3253291914829705,0.29452227051780855,0.2609791086260439,0.26634770121204004,0.37521565854203687,0.3880619284177361,0.1616121597747472,0.20201706404383035,,
non_hate_video_364,non_hate_video_364_497_499,val,0.7127254009246826,0,0.7303321957588196,0,0.6389829516410828,0,0.4162549674510956,0,0.3519165813922882,0,0.4872679412364959,0,0.5543649792671204,0,0.4205609560012817,0,0.5659657716751099,0,0.1658187578580243,0.1770515011598672,0.1628032041691695,0.108554683353804,0.1174085800797475,0.1469403983917126,0.0727822104690785,0.0485319961563138,0.0472411182018122,0.32989075077802177,0.34303570953955287,0.30565712841074344,0.2624048254024498,0.269838780932899,0.3681533012408218,0.3858110101878057,0.16014068410980414,0.2028585142438015,,
non_hate_video_364,non_hate_video_364_507_512,val,0.7086805105209351,0,0.7080472111701965,0,0.6315551996231079,0,0.4262823760509491,0,0.3652466535568237,0,0.491398811340332,0,0.5756740570068359,0,0.4179825186729431,0,0.5654693841934204,0,0.1504935761232919,0.1512033795639857,0.1355006361969001,0.104657426086877,0.1401410043448258,0.1667524837156583,0.0793525192331835,0.0527117159854987,0.0623899733885905,0.3179496564425848,0.31825652904584895,0.28431700522476244,0.26546990106891305,0.2864596763326244,0.3777725966716962,0.40196151878605757,0.162292956791732,0.21331379663003947,,
non_hate_video_364,non_hate_video_364_524_528,val,0.6954501271247864,0,0.7199459075927734,0,0.650782585144043,0,0.4011058807373047,0,0.3630985021591186,0,0.4900924265384674,0,0.5497681498527527,0,0.4150291681289673,0,0.5684979557991028,0,0.1693524040545254,0.1967381353750927,0.1645393720053443,0.0939058110940854,0.1051972160667117,0.1318732124175205,0.090192398045246,0.049182768157689,0.0547192018211641,0.3271817209756037,0.3537004670403969,0.3104123359469539,0.24750584591569505,0.27283305202677616,0.36471570159613603,0.3889166367201254,0.15893668814907247,0.2088528280145457,,
non_hate_video_373,non_hate_video_373_0_6,val,0.4153530597686767,0,0.4014706015586853,0,0.4753105640411377,0,0.4539260566234588,0,0.499867707490921,1,0.5167874097824097,0,0.5188143253326416,0,0.5634386539459229,0,0.4487724006175995,0,0.1073212929380647,0.1079189438417203,0.1088954419221806,0.0730390645923424,0.950311781817083,0.1557060179899292,0.0780978905217315,0.072745787976984,0.068247844185515,0.19973082298724829,0.1959844411568098,0.21881997855786772,0.2634825606079006,0.6575231335050777,0.3904089226550415,0.36456357314882304,0.21995364776766566,0.18240521111514033,,
non_hate_video_373,non_hate_video_373_18_27,val,0.4538071155548095,0,0.4507214725017547,0,0.5170587301254272,0,0.4511671066284179,0,0.4923761188983917,1,0.5327349901199341,0,0.5095665454864502,0,0.517232358455658,0,0.4769909083843231,0,0.1364833300777942,0.130716143138539,0.1175825197443152,0.0887549169647818,0.946914936080224,0.1529073340749506,0.0916274971089987,0.0951643612850665,0.0818245557387107,0.2316804657208988,0.22671774194750371,0.23742538285864878,0.26996101179659987,0.651464704912033,0.39979531050418987,0.3632878785543422,0.2217847604362439,0.2003744615323944,,
non_hate_video_384,non_hate_video_384_0_5,val,0.382902592420578,0,0.322305291891098,0,0.3666630089282989,0,0.4370130002498626,0,0.4742066860198974,1,0.52093905210495,1,0.4916029274463653,0,0.5685939192771912,0,0.3484048545360565,0,0.2103943763348394,0.2088375369649567,0.2285368599431362,0.1317939605479527,0.207506612954605,0.3896467011825844,0.116176805124798,0.1229400832475566,0.1070870773965287,0.262146841160561,0.24287786344279907,0.269974704638685,0.28440348039890767,0.38086166044704506,0.474986729282122,0.36020378463381675,0.256636234056447,0.17948241053838704,,
non_hate_video_384,non_hate_video_384_5_12,val,0.3410908281803131,0,0.2676993608474731,0,0.3171566128730774,0,0.4452509880065918,0,0.4668954610824585,1,0.5176500082015991,1,0.5017498135566711,0,0.5681992173194885,0,0.3321658968925476,0,0.3387274307124222,0.2915815555805558,0.312865251578063,0.134381295674429,0.3531258713773675,0.441715529748625,0.1320673660199139,0.123653994619024,0.1361818804073554,0.33943644995278943,0.284416897160631,0.31415265996656727,0.2898161418405104,0.4270761046856767,0.4910729407430582,0.3723609569188061,0.2570175614291633,0.19497708535291305,,
non_hate_video_384,non_hate_video_384_21_28,val,0.3448262512683868,0,0.2871119678020477,0,0.3429658710956573,0,0.458029955625534,0,0.4929979741573334,0,0.5115350484848022,0,0.500339925289154,0,0.5428878664970398,0,0.3570758104324341,0,0.2293403006479991,0.2682417319740159,0.2871866911656442,0.175221383767081,0.1815630871862667,0.2866434241956031,0.1619156969447049,0.1237458836814495,0.0735808751075225,0.2639860858341154,0.2739028027224254,0.3039204451446481,0.3166256696963075,0.38399576371746,0.4328229799835826,0.38189144536859687,0.2494884785261266,0.15862935570499598,,
non_hate_video_389,non_hate_video_389_0_8,val,0.3533762991428375,0,0.27364581823349,0,0.3287743330001831,0,0.4359716475009918,0,0.474503606557846,1,0.5158525705337524,0,0.5037994384765625,0,0.565671443939209,0,0.3398599624633789,0,0.1030587181116691,0.0747752680440091,0.0766015397850431,0.061585334766147,0.9246782084429422,0.1822675525679639,0.0849160745152832,0.0636656588395548,0.0563056788460019,0.17815399242101962,0.13443643310085335,0.15225337774958508,0.24877849113356942,0.6320647172176297,0.39909781424572643,0.35719026109011476,0.21426739436945105,0.14137196393121498,,
non_hate_video_389,non_hate_video_389_10_17,val,0.3536206781864166,0,0.2806068062782287,0,0.337382972240448,0,0.4370979070663452,0,0.4782061576843261,1,0.5202754735946655,0,0.5055936574935913,0,0.5645403861999512,0,0.3458715379238128,0,0.0900251586096414,0.0819465461825064,0.0906558766712438,0.0788103811126074,0.9694902899571072,0.1710942889306778,0.0682148859344021,0.06191978131928,0.0639510803450054,0.16910381448267398,0.14154462421122307,0.16467400534200505,0.2579541440894763,0.6501556039797994,0.39806205896226987,0.3525110874478751,0.21270596278348133,0.14852721761864762,,
non_hate_video_391,non_hate_video_391_3_9,val,0.3457725048065185,0,0.2764435708522796,0,0.3215642869472503,0,0.4439858496189117,0,0.4647823870182037,1,0.512847363948822,0,0.4988342225551605,0,0.5583283305168152,0,0.3331259191036224,0,0.1269689170226589,0.1238570469324874,0.1125134782097325,0.0739843676195948,0.911405130274686,0.173144868564036,0.0982800505695734,0.0638727294851891,0.0755292676363413,0.19260999335781676,0.16963300410842505,0.17522872083098784,0.2589851086192532,0.6211003471579725,0.3939514905641469,0.358640262360205,0.21220940979467692,0.15280826307652562,,
non_hate_video_398,non_hate_video_398_0_7,val,0.3837863802909851,0,0.3674042522907257,1,0.4238359928131103,0,0.4335650503635406,0,0.472487062215805,0,0.469794362783432,0,0.4776119887828827,0,0.5129575133323669,0,0.4021204113960266,0,0.3293721008815025,0.6880325406326513,0.3484450101854913,0.1012046514782164,0.2114364587572358,0.2190858056230937,0.1203089484734828,0.0867958260096161,0.0798368236375619,0.34569638470434727,0.5918440541300736,0.37106230497377696,0.2673848509208785,0.3811193510053058,0.3820463677773136,0.35255592467459274,0.21464433220644133,0.1765218999651013,,
non_hate_video_406,non_hate_video_406_0_6,val,0.5600484013557434,1,0.5860620141029358,1,0.5803722143173218,1,0.4320785403251648,0,0.4325588941574096,0,0.4960479736328125,0,0.5212523341178894,0,0.4704398214817047,0,0.521999180316925,0,0.4066574615569986,0.4072633156327068,0.504858755501884,0.1274068683851169,0.2981396525009807,0.4938081458919064,0.1056014499684932,0.1257397942670364,0.0930622732593339,0.45267474349662207,0.4609029251737754,0.5275127931465153,0.2797427043551408,0.3855121595776595,0.4952640339234954,0.37577452466560074,0.2291498024314369,0.22174334537661122,,
non_hate_video_413,non_hate_video_413_0_13,val,0.3474542200565338,0,0.2700039148330688,0,0.3262193202972412,0,0.4433733522891998,0,0.4629441499710083,1,0.5122878551483154,0,0.5013669729232788,0,0.5651871562004089,0,0.3327637016773224,0,0.1074295425027466,0.0958156491642431,0.1040316423860003,0.1249359796706347,0.9428997272694036,0.1877635944877705,0.0733400759692892,0.0623568147852632,0.0841533147522141,0.17943694576888275,0.1480721288648908,0.17068794575937257,0.28415466597991723,0.6309286020254468,0.3987043639171247,0.35155755898938246,0.21320591720980692,0.1587364308297466,,
non_hate_video_413,non_hate_video_413_20_27,val,0.35980886220932,0,0.2810747921466827,0,0.3320985436439514,0,0.442899614572525,0,0.4460186064243316,1,0.5023882389068604,0,0.4932426810264587,0,0.5718021392822266,0,0.3282901048660278,0,0.0977565178852114,0.0916189404090435,0.1135408639545021,0.0817621040487648,0.9310679520570088,0.1733969260037664,0.0844482688902755,0.0668180344675412,0.0802428281889419,0.17637222118244397,0.14845569593033525,0.17910816786133688,0.2623308593106449,0.6157858773957685,0.38724127939077746,0.35016463677879456,0.2183132659119468,0.15465701119206765,,
non_hate_video_415,non_hate_video_415_5_9,val,0.6811661124229431,0,0.7096091508865356,0,0.6336994767189026,0,0.4098027348518371,0,0.3671936392784118,1,0.476479709148407,0,0.5457834601402283,0,0.4305480420589447,0,0.5642297267913818,0,0.1125378195721513,0.1170080762837457,0.1131370547380379,0.079422116979914,0.953693571056814,0.1717162118028929,0.0833352085574769,0.1532730149431132,0.0837443695288266,0.2831263074273888,0.2947883986645827,0.2693057813322973,0.24461242591587556,0.5724686154008526,0.36981248507747705,0.3839265720862653,0.23645552307786266,0.22788997670759314,,
non_hate_video_415,non_hate_video_415_10_16,val,0.671952486038208,0,0.703085720539093,0,0.6541418433189392,0,0.3911409676074981,0,0.3650054931640625,1,0.4801781177520752,0,0.5413883328437805,0,0.4398833513259887,0,0.5756842494010925,0,0.1209457737085767,0.127396505694177,0.120417104444341,0.1178468336091792,0.962517543649836,0.1908536779367741,0.0894663142017842,0.0984817931371031,0.0978258859486957,0.2862477874074661,0.3001032701476518,0.28053452610672047,0.25449390060833865,0.5741347108340832,0.3789145638167198,0.38321562631908185,0.20090226059376876,0.2411833949844147,,
non_hate_video_102,non_hate_video_102_7_21,val,0.3493397235870361,0,0.2725979685783386,0,0.3274207413196563,0,0.4485191106796264,0,0.4695920348167419,1,0.514695942401886,0,0.4978937804698944,0,0.5722728967666626,0,0.3263802230358124,0,0.1024175908851856,0.1073209382761114,0.1048041647543067,0.06914109247364,0.9630979189067242,0.1606949384391799,0.0757494536379968,0.055295147277211,0.0563070629015398,0.17649423069574072,0.15690404736677957,0.17158913772391157,0.2588301015766332,0.6423190942482357,0.3907955910149389,0.35014326607873025,0.21038847212404646,0.13732901094182157,,
non_hate_video_106,non_hate_video_106_4_6,val,0.3409954607486725,0,0.2718406617641449,0,0.3263147473335266,0,0.4346377253532409,0,0.4593242704868316,0,0.5107496976852417,0,0.4939882457256317,0,0.5664037466049194,0,0.3332698941230774,0,0.2907754135055793,0.3167033454822319,0.3487779066352464,0.1096461202069884,0.1900012421843962,0.3475789633223726,0.0965483662117182,0.103774070941128,0.0650151600789901,0.30584142767850725,0.30324454036680576,0.34203895884473046,0.2721419227801147,0.36506121058097923,0.45363994065823754,0.354884287895762,0.2425629736402654,0.1454915802922163,,
non_hate_video_434,non_hate_video_434_0_7,val,0.3480664789676666,0,0.2895345389842987,0,0.3393478989601135,0,0.4493390917778015,0,0.4975797832012176,1,0.5191096663475037,0,0.5105286836624146,0,0.5573955774307251,0,0.3558618724346161,0,0.1283273427491696,0.11180335107048,0.1036182043729169,0.0798534529235934,0.8876226863631539,0.1776110795899075,0.1065475450394892,0.0823274778301871,0.0757269014238115,0.1942490836147187,0.1651227074446256,0.17433711274907587,0.26459627235069744,0.6340947993078954,0.399585160982345,0.36913528514439065,0.2248479077103485,0.15976739272705287,,
non_hate_video_434,non_hate_video_434_17_23,val,0.3440200090408325,0,0.2736357450485229,0,0.3275454342365265,0,0.4412861466407776,0,0.478745698928833,1,0.5106108784675598,0,0.5004881620407104,0,0.5617756247520447,0,0.3371118605136871,0,0.1328302981073456,0.1226217283854615,0.1184364544674772,0.1186791418143204,0.9067552593637808,0.2264975151728447,0.0984261080218992,0.1149191676806883,0.0743181846436764,0.19618721138739165,0.1679259333843799,0.18116914839819198,0.279982644227549,0.6285490450810647,0.41117120131440954,0.35976644313412653,0.2489761048020952,0.1531562874046796,,
non_hate_video_435,non_hate_video_435_2_12,val,0.3567497730255127,0,0.3230735063552856,0,0.3716124892234802,0,0.4457729458808899,0,0.5041531920433044,0,0.5197334289550781,0,0.4986567795276642,0,0.5367001295089722,0,0.3724405169486999,0,0.3937743455605097,0.4868180569442774,0.5016230139063862,0.1585130889875946,0.2301065263005825,0.3374153724133406,0.1909931767638652,0.1044312102711018,0.0657371632528151,0.3826669738000106,0.4376946917675798,0.4626198565015144,0.30214301743424227,0.4082368590333517,0.45592210916547,0.39097451856033455,0.23411188604246289,0.15774816936158054,,
non_hate_video_435,non_hate_video_435_30_36,val,0.6168836355209351,0,0.6480941772460938,0,0.6309652328491211,0,0.4384571611881256,0,0.4087610840797424,0,0.4700582027435303,0,0.5566828846931458,0,0.4130942821502685,0,0.5372878909111023,0,0.3453600831947779,0.4108546753135198,0.4287585549120832,0.125343284729369,0.268591211832292,0.4073109096127621,0.1497059231469244,0.0982197789304989,0.0993186854222755,0.426817148892625,0.482026525893292,0.48942055829319453,0.2819002229587473,0.3597016287931347,0.44809665014776145,0.4142409481519683,0.19268212989642977,0.23070944706892355,,
non_hate_video_440,non_hate_video_440_8_17,val,0.3544784486293793,0,0.2701596617698669,0,0.3332847058773041,0,0.4390502274036407,0,0.4766157567501068,1,0.5224927067756653,1,0.494019478559494,0,0.5643178224563599,1,0.3341362476348877,0,0.3322120790621084,0.3547455728472592,0.3469651180108115,0.1979744732980066,0.42699130855952,0.5867934757171956,0.1495106673056515,0.4160811685905045,0.0834029988922933,0.33889198993228964,0.3293697995240415,0.34286099437075923,0.31851235035082365,0.45924719988340146,0.5449979759052009,0.3734413946206492,0.46055216475026106,0.15862297351507162,,
non_hate_video_444,non_hate_video_444_55_58,val,0.5326870679855347,0,0.5657767057418823,0,0.6094958186149597,0,0.4121325314044952,0,0.4449225068092346,0,0.4826410412788391,0,0.500868558883667,0,0.4779097139835357,0,0.5178478956222534,0,0.2401741094626817,0.2415521808811028,0.2942901150978149,0.1264174555324306,0.1595282464459179,0.3119752279368415,0.1220946826552273,0.0981496225363517,0.0681470759422423,0.32792799701953756,0.33881953833933665,0.3888518261529583,0.2692749934684629,0.3450345156820738,0.42290800660913996,0.3682977022037131,0.21207764997050688,0.20305732184624561,,
non_hate_video_448,non_hate_video_448_1_7,val,0.3487516939640045,0,0.2690768539905548,0,0.3236605525016784,0,0.4612234234809875,0,0.4643813967704773,1,0.5199858546257019,0,0.4975537061691284,0,0.5645771622657776,0,0.3286018967628479,0,0.0888935226617875,0.0929934262239958,0.1022374990873763,0.0968917088476755,0.960511869504984,0.1945482325103226,0.0874010706669645,0.1325207311529198,0.0568780871471589,0.1668509740524526,0.14581845455396347,0.1686644151116669,0.2790575661643315,0.6380270622275546,0.4060826868853191,0.35400028374337106,0.2621376604867771,0.1383952300318656,,
non_hate_video_448,non_hate_video_448_7_11,val,0.3515743017196655,0,0.268431544303894,0,0.3251373469829559,0,0.4544187486171722,0,0.4570486545562744,1,0.519844114780426,0,0.4962078332901001,0,0.5719285011291504,0,0.3259029686450958,0,0.1044283278182751,0.1001634243127757,0.1034262977957381,0.0963365607023053,0.9506759442861402,0.1488011879726352,0.0794857323538947,0.1080962298186383,0.0791360970782565,0.1785721199886922,0.15064386031011118,0.16993961255190343,0.27537765465973874,0.6298182059617274,0.38997909039769924,0.35035509796242825,0.2472459112117919,0.15316615854830828,,
non_hate_video_448,non_hate_video_448_12_18,val,0.349107414484024,0,0.2704373598098755,0,0.3268240392208099,0,0.4573742747306824,0,0.4695329368114471,0,0.523167073726654,0,0.4986666440963745,0,0.5632438063621521,0,0.3385306596755981,0,0.327492397840684,0.3873654244212894,0.3853996839766604,0.1590599611798336,0.3183527244808554,0.4119554351180508,0.1673059643517427,0.1311168457940044,0.1313320008156128,0.333976902833686,0.3522870050378652,0.36782699054990525,0.30821711795525797,0.41661986249573996,0.48424300021364286,0.3826904061857534,0.2607549339644487,0.19349159847360836,,
non_hate_video_451,non_hate_video_451_0_2,val,0.6856322884559631,0,0.7084692716598511,0,0.6483952403068542,0,0.4041972458362579,0,0.3670719861984253,0,0.4676294326782226,0,0.5266826152801514,0,0.4160279631614685,0,0.5726741552352905,0,0.2554133977393001,0.2479475026981787,0.2529455311806802,0.1510637892770226,0.1827642032806205,0.3447711763586827,0.1020699889299111,0.0959420934325295,0.0827493915857264,0.38447906495429895,0.3861040333866804,0.3715804439185324,0.27763051755664025,0.3025642621771936,0.42462904296638365,0.3780681960575673,0.1919678543512112,0.22972682068059563,,
non_hate_video_451,non_hate_video_451_2_12,val,0.6979078650474548,0,0.710951030254364,0,0.6433647871017456,0,0.4038038253784179,0,0.3607582747936249,0,0.4783130884170532,0,0.5375552177429199,0,0.4141548275947571,0,0.5714264512062073,0,0.2427863891461983,0.2678814313768469,0.3001223230085691,0.1473865170794178,0.1481420728586872,0.3167764386160039,0.1518856622669762,0.1411668602020704,0.0912593567001786,0.37932283191657523,0.400802311040102,0.40309506223652203,0.27559517122891786,0.28634260411639667,0.42177526098668594,0.4025708733263396,0.2230632504198764,0.23530948505198718,,
non_hate_video_459,non_hate_video_459_5_13,val,0.6862032413482666,0,0.6932274699211121,0,0.6305630207061768,0,0.4119377434253692,0,0.376097172498703,0,0.4783777296543121,0,0.5671212673187256,0,0.4212571382522583,0,0.5531779527664185,0,0.4065714665577222,0.4338244300312713,0.5494844081239652,0.1316414109265684,0.2211519105469153,0.3894090217655295,0.0925499926077971,0.0958949054916027,0.1163427594606798,0.4904609989948855,0.5116453419982235,0.5738079918986286,0.2717895771759688,0.3218663308155773,0.4472386818932382,0.40102132116990064,0.1935035753197994,0.2473933174524014,,
non_hate_video_480,non_hate_video_480_0_7,val,0.3580692410469055,0,0.2913506031036377,0,0.344273954629898,0,0.4678379595279693,0,0.4759713113307953,0,0.5104861855506897,0,0.4986891746520996,0,0.5620413422584534,0,0.35187828540802,0,0.1280026332094507,0.098923573152379,0.1301351336698984,0.105974724922186,0.1162415775119011,0.1702943252828046,0.0934888960339771,0.1461564327950309,0.0742975575972634,0.19702261556068715,0.1566516821377566,0.19437677995789826,0.28690634222507766,0.35006590449418235,0.3914190344569299,0.3568690771357568,0.2709219056340576,0.15757177594049038,,
non_hate_video_484,non_hate_video_484_0_8,val,0.3599845170974731,0,0.3082420229911804,0,0.355010837316513,0,0.4351644814014435,0,0.4690596163272857,1,0.5102910995483398,1,0.4912123382091522,0,0.5698118209838867,0,0.3482498228549957,0,0.2334638513863149,0.2386286413830945,0.26791001258791,0.1132208840084468,0.1904539519652412,0.3985914123172807,0.1198655016792902,0.0873427043811131,0.0717211870971889,0.27142005109966233,0.2595126558655203,0.29404026000649086,0.2741926827049451,0.37154763380057015,0.47119620901746917,0.36124094542370055,0.23208343936194517,0.15467977782453096,,
non_hate_video_486,non_hate_video_486_4_21,val,0.719810426235199,0,0.734876811504364,0,0.6373041868209839,0,0.4131986200809479,0,0.3537576794624328,1,0.4979763627052307,0,0.5629616379737854,0,0.4108166694641113,0,0.5820183157920837,0,0.1387931059498196,0.1384952013368473,0.1176147762794013,0.110002762665718,0.9201497175409914,0.1979599259582252,0.1046127205535743,0.0933205344531447,0.087475906760296,0.31309830203543343,0.3174096843871023,0.27352159944187604,0.2616006913733329,0.5519948927899283,0.39297060984377874,0.4025395168767115,0.18856937495643467,0.2358386294698323,,
non_hate_video_490,non_hate_video_490_0_9,val,0.338419109582901,0,0.2999560236930847,0,0.3450793325901031,0,0.4167131781578064,0,0.4716471135616302,1,0.510201632976532,0,0.488491803407669,0,0.5524774193763733,0,0.3653247952461242,0,0.0765998157448897,0.0736346597956645,0.0790976324654862,0.1018263731460213,0.9353879957180676,0.1623521658719085,0.1120498378621983,0.0878637874785216,0.0590064533473655,0.15514560389629306,0.14153106896489054,0.15889214250287126,0.25926977565191384,0.6339564223163833,0.38845431948991377,0.3567371154667543,0.22724787704787708,0.1509019559169931,,
non_hate_video_509,non_hate_video_509_17_28,val,0.3487353920936584,1,0.2679066658020019,0,0.3255972564220428,0,0.4427029490470886,0,0.4802497625350952,0,0.5176777243614197,0,0.505905032157898,0,0.5638647079467773,0,0.3345395922660827,0,0.6991653226146239,0.3029707890715865,0.281463268611021,0.1500756269313863,0.3038670664745346,0.2973977193956171,0.2012790662553798,0.0827760680996582,0.0939887383883958,0.5940363434583342,0.2924515520907111,0.29470346495432753,0.29638928798923747,0.418515818913899,0.4405797226233888,0.3992859440920166,0.22710266005379395,0.16615399455170188,,
non_hate_video_509,non_hate_video_509_55_65,val,0.3487353920936584,0,0.2679066658020019,0,0.3255972564220428,0,0.4427029490470886,0,0.4802497625350952,1,0.5176777243614197,0,0.505905032157898,0,0.5638647079467773,0,0.3345395922660827,0,0.179648749616107,0.2137175367615593,0.1949068178767722,0.1086124420969157,0.889662036951586,0.2290754845666292,0.1235331350518834,0.0625761863653386,0.0821065598810937,0.23037474235937241,0.2299742754736921,0.23411394944035335,0.27565769557200215,0.6235440585808669,0.41666694043324304,0.3720748681707929,0.21296274283977024,0.1578364695965904,,
non_hate_video_516,non_hate_video_516_7_14,val,0.3480508923530578,0,0.2776576280593872,0,0.3217730522155761,0,0.437362402677536,0,0.4617364108562469,1,0.5130013227462769,0,0.5030480623245239,0,0.5674813389778137,0,0.33609139919281,0,0.1519302828487896,0.1614981626061053,0.139088034086025,0.0968159343256602,0.931505402045358,0.2385647808634773,0.1160751715464581,0.0706570161478756,0.1212707671240631,0.21076646570007007,0.19634600224208987,0.1938935395248903,0.2670891685015981,0.6261555577724358,0.41694853308729707,0.3676075505522009,0.21970431299685705,0.18571695674468716,,
non_hate_video_531,non_hate_video_531_0_31,val,0.3547658026218414,0,0.3239881098270416,0,0.3887636959552765,0,0.4581107497215271,0,0.5001755356788635,0,0.5064162611961365,0,0.4927825629711151,0,0.5347597599029541,0,0.371061623096466,0,0.2370948591663211,0.2127847460538031,0.1743199085817874,0.1484865161144284,0.2305127425689785,0.2252891978010708,0.1613942680396708,0.0971588856361965,0.0798649785276739,0.27239614220297714,0.24614575518577464,0.23865304479383412,0.30329863291797776,0.40579355809040374,0.40802178900786346,0.37679665974510956,0.22843914791622377,0.1672239718983115,,
non_hate_video_534,non_hate_video_534_0_7,val,0.3812650740146637,0,0.3154197931289673,0,0.4058923423290252,0,0.4523696899414062,0,0.4824488461017608,0,0.5272998809814453,0,0.4805769920349121,0,0.5430593490600586,0,0.3638715744018554,0,0.4271968489628212,0.4595712364800955,0.4346133141801717,0.1248003687702413,0.2479133016802714,0.3913793382054536,0.2162105099563772,0.0953106843847755,0.1062304505749951,0.41341731647837393,0.416325803474757,0.42599702262482775,0.28858502935582375,0.4003614055542395,0.47972769100984824,0.3880487233074249,0.22963528378736042,0.1835227877230532,,
non_hate_video_534,non_hate_video_534_11_17,val,0.3494371771812439,0,0.2759824991226196,0,0.3368454575538635,0,0.4407739043235779,0,0.4733505249023437,1,0.5132260322570801,0,0.4974479377269745,0,0.5521405339241028,0,0.3400056660175323,0,0.1239602077480238,0.1169754427767835,0.112276883492367,0.0960026195798091,0.9579690853585612,0.1332964683075808,0.0932618802630948,0.076459963128897,0.0776517507667007,0.1916032985779898,0.16467755968053432,0.17964745571081595,0.2683882619516935,0.6429670210620198,0.38025068487475533,0.35598281761461664,0.2191641343674587,0.15635792534195017,,
non_hate_video_536,non_hate_video_536_0_14,val,0.405410885810852,0,0.3733329772949219,0,0.4377183020114898,0,0.4275418221950531,0,0.4812334775924682,0,0.5137051939964294,0,0.4880760610103607,0,0.5426453948020935,0,0.3949185609817505,0,0.1672843589559148,0.1923370157536274,0.1450508453542335,0.1002172695126683,0.2053731791102116,0.2396436951292996,0.1730404545068936,0.066960827364933,0.0906139744009855,0.23872231701239593,0.24663580421601575,0.2328510823514104,0.2638795458538607,0.38468237312367837,0.417783669392934,0.3778135987341472,0.20966619759608113,0.181905350375215,,
non_hate_video_536,non_hate_video_536_55_69,val,0.3872207701206207,0,0.3393241763114929,0,0.4047310650348663,0,0.4349307715892792,0,0.4807975888252258,0,0.5191771984100342,0,0.4859756231307983,0,0.5454308390617371,0,0.3707784712314605,0,0.2109151532224184,0.2377353799876988,0.1782613904231287,0.1150066453059597,0.2023467693659857,0.2358327222032757,0.1838787297576057,0.0800295425927605,0.0893668849110827,0.2638068382918791,0.26821201888483703,0.24620229280664996,0.27496870844761945,0.3833398020144918,0.4200066317376687,0.38024171045018085,0.21964993153345347,0.17379036080719604,,
non_hate_video_122,non_hate_video_122_0_13,val,0.3719918429851532,0,0.3005968630313873,0,0.3635733127593994,0,0.4498136341571808,0,0.4926863610744476,1,0.5223764181137085,0,0.512967586517334,0,0.5625194311141968,0,0.3537178933620453,0,0.126482773506788,0.1250143943188154,0.1347081062517791,0.0888511153872831,0.962923218254724,0.2171436602062036,0.0967251115344166,0.0621459399798192,0.0768910726125289,0.20013549435029754,0.17768913493258692,0.20336766820406518,0.26933237477223193,0.6572692610875444,0.4155449528460818,0.3672827202733129,0.21225798732013246,0.15993911883738382,,
non_hate_video_122,non_hate_video_122_35_43,val,0.3719918429851532,0,0.3005968630313873,0,0.3635733127593994,0,0.4498136341571808,0,0.4926863610744476,1,0.5223764181137085,1,0.512967586517334,0,0.5625194311141968,0,0.3537178933620453,0,0.212170822772793,0.2254679263407846,0.3133114916276254,0.1331127987492722,0.175920192171285,0.4876602475473184,0.0830119488894697,0.0844960630706333,0.0594473282345306,0.26011712883650107,0.24800660734796537,0.3283900379671576,0.2914632164532265,0.38181820195834065,0.5102257584154719,0.3624831133475815,0.22790307348370234,0.147728497772785,,
